analysis_id,drug_name,delta_nll_plugin_vs_elasticnet,delta_coverage_error_plugin_vs_elasticnet,delta_nll_plugin_vs_pca_gaussian,delta_coverage_error_plugin_vs_pca_gaussian,delta_nll_plugin_vs_pca_mdn,delta_coverage_error_plugin_vs_pca_mdn
GDSC1::1001::AICA Ribonucleotide,AICA Ribonucleotide,-0.0065492568358818115,-0.015384615384615379,-0.0025202377540480825,0.021538461538461562,-0.006456343571549006,-0.003296703296703299
GDSC1::1004::Vinblastine,Vinblastine,0.031520799273657474,-0.012459016393442615,0.00416000420285334,0.024918032786885265,0.03836278502778745,0.027322404371584723
GDSC1::1005::Cisplatin,Cisplatin,0.04510752607227797,-0.022295081967213158,0.0061950957375707105,0.0015300546448087024,-0.002004684011270186,0.008743169398907125
GDSC1::1006::Cytarabine,Cytarabine,-0.06257829301950979,-0.07270718232044197,0.016189976754493296,0.024309392265193366,0.029465151184767002,0.013259668508287303
GDSC1::1007::Docetaxel,Docetaxel,0.07196316703601369,-0.017267759562841538,0.0051923082938192255,0.016393442622950824,0.0015635385571428628,0.010273224043715883
GDSC1::1008::Methotrexate,Methotrexate,0.029008299571430474,-0.00983606557377048,0.030458169484300912,0.02907103825136618,0.05545175152649051,0.019016393442622938
GDSC1::1009::Tretinoin,Tretinoin,-0.04846055352479128,0.003977900552486202,-0.024264539105375738,0.015690607734806683,0.045354242415277524,0.01723756906077348
GDSC1::1010::Gefitinib,Gefitinib,-0.03459328812225637,0.0008791208791208427,-0.03440055238174944,0.0006593406593406216,0.018835553506757696,0.006593406593406601
GDSC1::1011::Navitoclax,Navitoclax,-0.006676909165514555,0.007692307692307703,-0.02197969128888344,0.01780219780219782,0.05857673997752788,0.015384615384615424
GDSC1::1012::Vorinostat,Vorinostat,-0.023479755672200175,-0.013989071038251363,-0.01843868285784156,0.008087431693989119,0.02044885284232989,-0.008087431693989056
GDSC1::1013::Nilotinib,Nilotinib,-0.21864031450301558,0.0161748633879782,-0.1738845466627541,-0.014644808743169362,0.07997070132900519,0.0157377049180328
GDSC1::1014::Refametinib,Refametinib,-0.03828772491014898,-0.009385474860335197,-0.005802782502700721,0.014972067039106161,0.03108692294993065,0.01564245810055866
GDSC1::1015::CI-1040,CI-1040,-0.019115138436745616,-0.024444444444444456,0.0006780735498541635,0.00666666666666664,-0.0011381301490542839,-0.005555555555555581
GDSC1::1016::Temsirolimus,Temsirolimus,-0.00886111624960173,-0.045555555555555516,0.00810050630477388,0.011111111111111158,0.024957574579976383,-0.0011111111111110628
GDSC1::1017::Olaparib,Olaparib,-0.0049312159355765495,-0.036502732240437166,-0.006123983078628159,0.0056830601092896435,0.036022368362735424,0.01355191256830604
GDSC1::1018::Veliparib,Veliparib,-0.006846794731924399,0.012459016393442605,-0.006734507058446804,0.017049180327868823,0.01554647403328524,0.006775956284153027
GDSC1::1019::Bosutinib,Bosutinib,-0.005396788170766387,-0.06557377049180324,0.02378329775224719,0.007431693989071078,0.008982201103089338,-0.0028415300546447975
GDSC1::1020::Lenalidomide,Lenalidomide,0.002594721325771099,-0.010928961748633902,0.02213412451914265,-0.002404371584699444,0.0017065899474375534,-0.014644808743169379
GDSC1::1021::Axitinib,Axitinib,0.0328547823344878,0.0186813186813187,0.036783422274841326,0.012307692307692367,0.01619082596362076,0.017582417582417645
GDSC1::1022::AZD7762,AZD7762,0.018532889282807163,0.008524590163934406,0.0025291352642067277,0.0104918032786885,0.016735922987863194,0.016174863387978106
GDSC1::1023::GW441756,GW441756,-0.06677649122514939,0.02557377049180328,-0.05254209577245672,0.025573770491803278,0.0163219676453652,0.016393442622950796
GDSC1::1024::Lestaurtinib,Lestaurtinib,0.01876840805590807,-0.020000000000000018,0.03209197697091537,0.014285714285714256,0.02241720012496984,0.011428571428571413
GDSC1::1025::SB216763,SB216763,0.008175143281680564,0.021818181818181785,0.001846355312883352,0.030303030303030287,0.03178192936946056,0.023030303030302984
GDSC1::1026::Tanespimycin,Tanespimycin,0.09996092042778848,-0.022295081967213144,0.02243910715389319,0.02010928961748632,0.020353645080734895,-0.005901639344262313
GDSC1::1028::VX-702,VX-702,-0.10833324529702804,-0.0021978021978021796,-0.08238232532429879,0.009450549450549479,-0.011450742834869576,0.015384615384615418
GDSC1::1029::Motesanib,Motesanib,-0.019588935732633317,-0.0004395604395604387,-0.026856940595579415,-0.012527472527472518,0.042410079088716746,0.00505494505494504
GDSC1::1030::KU-55933,KU-55933,0.06527325760584746,0.01704918032786884,0.03781278158036283,0.026666666666666637,0.01584059679102423,0.01792349726775954
GDSC1::1031::Elesclomol,Elesclomol,-0.007819648919503486,-0.018784530386740383,0.018543473288461954,0.015469613259668481,0.0016670160262448608,-0.014364640883977903
GDSC1::1032::Afatinib,Afatinib,-0.21777048104895513,0.030769230769230764,-0.20492611025109286,0.04527472527472531,0.005673014382594932,0.03362637362637361
GDSC1::1033::Vismodegib,Vismodegib,0.00403681991717586,-0.02782608695652178,0.0038988560605670575,0.009782608695652159,0.010274585349669296,0.0065217391304348005
GDSC1::1036::PLX-4720,PLX-4720,-0.070694196848331,0.002404371584699444,-0.04563160762810359,0.042404371584699466,0.028248138427725333,0.022950819672131167
GDSC1::1037::BX795,BX795,0.0012936197599897614,-0.008524590163934455,-0.011553037049216286,0.015956284153005464,0.014835072695263518,-0.015081967213114778
GDSC1::1038::NU7441,NU7441,0.03131999840741195,0.014725274725274684,0.03240833307883029,0.02989010989010996,0.02623824480055248,0.025274725274725303
GDSC1::1039::SL0101,SL0101,0.018843414675365322,0.0044444444444444176,0.004264620119174056,0.02,0.015274187465596167,0.008888888888888918
GDSC1::1042::Doramapimod,Doramapimod,0.007783704873139952,0.006666666666666699,0.010970671582109404,0.0155555555555556,-0.018026950829818755,-0.003333333333333282
GDSC1::1043::JNK Inhibitor VIII,JNK Inhibitor VIII,-0.03613483322446798,-0.010710382513661177,-0.006677074629185764,0.01355191256830604,0.012708490314882859,-0.0021857923497267985
GDSC1::1046::Wee1 Inhibitor,Wee1 Inhibitor,0.05181139072408936,-0.025060240963855403,0.0318028067072329,0.008433734939759019,0.019408684370988194,-0.0014457831325301387
GDSC1::1047::Nutlin-3a (-),Nutlin-3a (-),0.1350509066809351,-0.027103825136612053,-0.0025891801610637977,0.040874316939890694,0.09682755620621952,0.037158469945355134
GDSC1::1048::Mirin,Mirin,0.01084084331170243,-0.02371257485029938,0.01647565591817668,0.005269461077844342,0.021022408592779485,-0.001437125748503
GDSC1::1049::PD173074,PD173074,-0.19269470031599956,0.00765027322404372,-0.15947194487294358,0.0024043715846994163,0.04227788397459942,0.00918032786885244
GDSC1::104::Bortezomib,Bortezomib,-0.06701059454376224,-0.015584415584415555,-0.028640443082727174,-0.0010389610389610199,-0.0076585049290052165,-0.01142857142857142
GDSC1::1050::ZM447439,ZM447439,0.015169321165013683,-0.049836065573770516,0.032161146681266795,0.018360655737704863,0.049934384345173166,0.00021857923497266285
GDSC1::1052::RO-3306,RO-3306,-0.025320347619860684,0.01333333333333328,-0.01768266071816993,0.04262295081967209,-0.0006241978772689727,0.030601092896174846
GDSC1::1053::MK-2206,MK-2206,-0.006621886994734538,-0.054857142857142854,0.029545752543079118,0.009142857142857161,0.04707498338747551,-0.0068571428571428394
GDSC1::1054::Palbociclib,Palbociclib,-0.02485301481223079,-0.08800000000000002,0.004398847024696506,0.006857142857142853,0.004129853227573532,-0.008000000000000042
GDSC1::1057::Dactolisib,Dactolisib,-0.0513191608077328,-0.00555555555555556,-0.02782611686106473,0.005555555555555602,-0.0007244536182255956,-0.0011111111111111217
GDSC1::1058::Pictilisib,Pictilisib,0.0023250455433931894,-0.04397790055248617,-0.0017371899679083924,0.005524861878453059,0.015959702500079498,-0.008618784530386735
GDSC1::1059::AZD8055,AZD8055,0.015498377865001522,-0.006187845303867422,-0.0030477445551162496,0.005303867403314941,0.009995614022728416,0.0013259668508287213
GDSC1::1060::PD0325901,PD0325901,-0.01133407105578721,-0.03555555555555556,0.02451387653430137,0.004444444444444463,0.0289041238003942,-0.013333333333333378
GDSC1::1061::SB590885,SB590885,-0.1319452522491209,-0.0011363636363636402,-0.0926585189600233,0.008409090909090939,0.016811993420841054,0.0024999999999999814
GDSC1::1062::Selumetinib,Selumetinib,-0.05767157410937518,0.018497109826589576,-0.04590301713994793,0.03028901734104048,0.02131465355739315,0.009248554913294814
GDSC1::1066::AZD6482,AZD6482,0.006999371984458103,-0.020000000000000018,0.005528403784847535,0.008988764044943802,0.016050195808270384,-0.008764044943820257
GDSC1::1067::CCT007093,CCT007093,-0.017409061282868787,-0.014505494505494581,-0.0075378212578491866,0.01428571428571426,0.005146351820365158,0.012527472527472498
GDSC1::1069::EHT-1864,EHT-1864,-0.000641156921520114,-0.023956043956043956,0.008197126943111366,0.002197802197802183,0.011189653378835818,-0.0028571428571427943
GDSC1::106::XMD8-85,XMD8-85,-0.1633870512260207,-0.1018181818181818,0.03763332374192685,-0.0015584415584415645,0.023598952301918885,-0.013506493506493529
GDSC1::1070::CRT0105950,CRT0105950,-0.020352517238295897,-0.015604395604395638,-0.03128015794173589,-0.010989010989010999,0.013279525232541722,0.00043956043956044216
GDSC1::1071::CRT0105446,CRT0105446,0.018639737378226107,0.01736263736263736,0.004473429069882018,0.010329670329670339,0.03429555109738858,0.011868131868131841
GDSC1::1072::Avagacestat,Avagacestat,0.004099550505579197,0.010989010989011016,0.012563739513869354,0.013846153846153897,0.01442163561894838,0.013846153846153897
GDSC1::1091::BMS-536924,BMS-536924,0.0510529167093039,-0.02592178770949724,0.018848914514242532,0.03575418994413403,0.0414004697655832,0.009162011173184388
GDSC1::110::Seliciclib,Seliciclib,0.002460009024300991,-0.018701298701298746,0.03805613004287345,0.02441558441558439,0.029385798360473725,0.003636363636363632
GDSC1::1114::Cetuximab,Cetuximab,-0.11787996740052242,0.003529411764705899,-0.14109307803588034,-0.019999999999999945,0.03403071683784997,0.005882352941176498
GDSC1::111::Salubrinal,Salubrinal,0.0214460073294227,-0.031688311688311696,0.04635725479190089,-0.0015584415584415576,0.017164251766718985,-0.004675324675324728
GDSC1::1128::FS106,FS106,-0.01354364733630109,-0.02263736263736266,-0.013847838293513881,0.00901098901098904,0.022224579571533454,0.0006593406593406806
GDSC1::1129::PF-4708671,PF-4708671,0.005807148186917965,-0.01000000000000002,0.01095368996121815,0.002222222222222219,0.015281447442367924,0.0011111111111111183
GDSC1::1133::Serdemetan,Serdemetan,-0.03269321044483853,-0.022197802197802218,-0.015148944133973385,0.003956043956043983,0.014531241487718338,0.014945054945054981
GDSC1::1135::AZD4547,AZD4547,-0.061326650609135225,-0.016043956043956073,-0.06732854252637566,-0.009670329670329639,0.022170398815000603,-0.013846153846153857
GDSC1::1136::Capivasertib,Capivasertib,0.028841926780719618,-0.048571428571428606,0.005819153923925624,0.011648351648351662,0.04548015816702322,-4.163336342344337e-17
GDSC1::1142::HG-5-113-01,HG-5-113-01,-0.08428229594210745,-0.045416666666666675,0.0064318339614168885,0.0012499999999999838,0.032929028061792875,0.0045833333333333
GDSC1::1143::HG-5-88-01,HG-5-88-01,-0.028320154565605993,-0.028749999999999998,-0.036734617191879204,0.03708333333333336,-0.020388128623539004,-0.004166666666666666
GDSC1::1149::TW 37,TW 37,-0.058851249954076534,-0.02659340659340662,-0.017891673664201857,-0.002857142857142919,0.028031409110540695,0.007032967032967002
GDSC1::1158::XMD11-85h,XMD11-85h,0.02771556896137284,-0.04541666666666666,0.05568993241193687,0.006666666666666696,0.035230435363888146,-0.007916666666666662
GDSC1::1161::ZG-10,ZG-10,-0.009715579551659026,-0.028749999999999994,-0.03395483272988864,0.014166666666666678,0.015563382072569576,-0.014166666666666685
GDSC1::1164::XMD8-92,XMD8-92,-0.010655998994709703,-0.03422680412371136,0.0066398905653886064,-0.005360824742268056,0.023768519629785878,-0.02061855670103094
GDSC1::1166::QL-VIII-58,QL-VIII-58,0.06204472099372471,-0.03917525773195879,0.009860373209170437,-0.013195876288659814,0.05184171460359077,-0.005360824742268098
GDSC1::1170::CCT-018159,CCT-018159,0.0006861867158955981,-0.027403314917127095,0.007455050702788402,0.039558011049723764,-0.0062736168052288654,0.013480662983425443
GDSC1::1175::Rucaparib,Rucaparib,0.05404505752224842,0.0076923076923076615,-0.006995493854187629,0.008131868131868142,0.016012326377478514,0.007252747252747285
GDSC1::1183::CRT0160829,CRT0160829,0.01895253317461676,0.0008791208791208184,0.0008917031572472922,0.014945054945054938,0.020506635941744067,-0.0002197802197803217
GDSC1::1184::AZ20,AZ20,0.02937551436137098,-0.00373626373626372,0.014007528031505068,0.0092307692307693,0.06043719506862355,0.007472527472527503
GDSC1::1185::KU-60019,KU-60019,0.03901177660032795,-0.01780219780219782,0.012434716306674476,0.00989010989010988,0.016544060994167387,0.009230769230769199
GDSC1::1186::FS112,FS112,-0.07211685455663219,-0.05450549450549455,-0.022761050834452456,0.010549450549450504,0.014861433548895464,0.01164835164835162
GDSC1::1187::CCT245232,CCT245232,0.025189150241405445,-0.013406593406593427,-0.0010905811778130214,0.003736263736263755,0.024983591605979738,-0.0021978021978022455
GDSC1::1188::CCT245467,CCT245467,0.04584431997381322,-0.01164835164835168,0.04227031428437655,0.011648351648351658,0.028484492836468034,0.0028571428571428394
GDSC1::1192::GSK269962A,GSK269962A,-0.023061205105318505,-0.039776536312849144,-0.016799792509729183,-0.00044692737430169875,-0.0011726080476108791,-0.01698324022346368
GDSC1::1194::SB505124,SB505124,-0.033117320712968246,0.0020111731843574995,-0.046523456621785586,0.011843575418994421,0.02303034700106421,0.006927374301675981
GDSC1::1195::FY026,FY026,0.09471297978552395,-0.0055555555555555775,-0.055152471251811885,0.01777777777777776,0.03780657534753207,-0.002222222222222278
GDSC1::1196::FY069,FY069,0.0072381147272666535,0.01899441340782122,0.00601098482658502,0.015865921787709538,0.031884442363961485,0.012290502793296118
GDSC1::1197::ZL049,ZL049,0.031524131100401975,-0.0011111111111111252,0.024650095711356457,0.008888888888888918,0.06173082674091113,-0.015555555555555538
GDSC1::1198::FY012,FY012,-0.027543715803207025,-0.04222222222222219,-0.019876231778161113,0.008888888888888901,-0.006134959183867528,0.00888888888888888
GDSC1::1199::Tamoxifen,Tamoxifen,-0.004148957095215122,0.0008938547486033212,-0.02156380153905868,-0.0013407821229050772,0.004766405288313624,-0.0004469273743017005
GDSC1::119::Lapatinib,Lapatinib,-0.14586185019385178,0.021298701298701338,-0.16532360628355125,0.005714285714285762,-0.05293308685054554,0.01038961038961042
GDSC1::11::Paclitaxel,Paclitaxel,0.06487589505246438,0.015064935064935052,-0.004595711730219776,0.025454545454545438,0.03473891727614031,0.0036363636363636737
GDSC1::1202::torin2,torin2,-0.5708275891372163,-0.1584615384615385,-0.024677931495925787,0.024615384615384622,0.1554584284726237,-0.06769230769230768
GDSC1::1203::QL-XII-61,QL-XII-61,0.04452853326837958,0.0321739130434782,0.05782190927687214,0.04913043478260866,0.09684866498452882,0.06086956521739122
GDSC1::1204::HG-6-71-01,HG-6-71-01,-0.37872896799792133,-0.08153846153846153,-0.05782020570594648,-0.0061538461538461625,0.07514696687692912,-0.010769230769230767
GDSC1::1218::JQ1,JQ1,-0.2518072595896508,0.021468926553672295,-0.22342557575188393,0.02259887005649718,0.019813012533785423,0.02892655367231642
GDSC1::1219::PFI-1,PFI-1,0.03146790092990015,-0.015555555555555566,0.005437408391797405,0.010000000000000018,0.013995763065056677,0.003333333333333341
GDSC1::1230::IOX2,IOX2,-0.1906895215605635,0.007777777777777779,-0.15255135044360824,2.0816681711721685e-17,-0.03576697841473897,0.00444444444444448
GDSC1::1232::I-BET-151,I-BET-151,-0.013126640757363806,-0.04881355932203394,-0.0042502731315736675,-0.0006779661016949601,-0.02125345590078398,-0.023954802259887102
GDSC1::1236::UNC0638,UNC0638,-0.022545404790837997,0.006666666666666626,-0.02729226254410455,0.03111111111111111,0.10823029585037913,0.022222222222222192
GDSC1::1239::YK-4-279,YK-4-279,-0.0836495139029021,-0.005454545454545497,-0.059281809912366645,0.028051948051948078,0.006897973085583375,0.01870129870129872
GDSC1::1241::CHIR-99021,CHIR-99021,0.015341878374499185,-0.019887005649717536,-0.02458463660546184,0.002937853107344665,0.014964841071158475,-0.007683615819208997
GDSC1::1242::(5Z)-7-Oxozeaenol,(5Z)-7-Oxozeaenol,0.00204128382941704,-0.02214689265536724,-0.03535676437662971,0.0070056497175141445,-0.035231153514105884,-0.021920903954802215
GDSC1::1243::Piperlongumine,Piperlongumine,-0.0867982985656286,-0.0017877094972066597,-0.11723581933703597,0.003128491620111761,0.05961182699373069,-0.0033519553072625177
GDSC1::1248::Daporinad,Daporinad,-0.08020026900784494,-0.03630057803468205,-0.04640998073111202,0.03976878612716764,0.10613955090833649,0.004161849710982643
GDSC1::1251::N22899-6-C1,N22899-6-C1,0.033436133510769794,2.0816681711721685e-17,0.028691114517723992,0.02000000000000004,0.027128923650367787,0.02555555555555558
GDSC1::1252::N23918-95-7,N23918-95-7,0.024504149742076597,-0.017777777777777847,0.020297552857325485,0.003333333333333341,0.006061787564145105,-0.012222222222222242
GDSC1::1253::N24798-49-A1,N24798-49-A1,-0.07054429507283366,-0.04491620111731843,-0.043806868426507606,0.000223463687150878,-0.03799697743896824,-0.004692737430167564
GDSC1::1254::GSK-J4,GSK-J4,-0.02375200664277055,-0.028156424581005604,-0.024127506417582323,0.014748603351955342,-0.008187227015467924,-0.016983240223463716
GDSC1::1259::Talazoparib,Talazoparib,0.06495550776319736,-0.02395480225988702,-0.0032101848025092306,0.028926553672316443,0.030930489761419322,0.004971751412429358
GDSC1::1261::rTRAIL,rTRAIL,-0.11973503374487904,0.01251396648044692,-0.1416626466922446,0.0218994413407821,0.0290523338297608,0.03128491620111726
GDSC1::1262::UNC1215,UNC1215,0.019664944117216643,-0.011525423728813586,-0.0019831358701722923,0.012203389830508438,0.0081071124846529,0.011525423728813516
GDSC1::1263::UNC0642,UNC0642,-0.06521179437076718,0.0032183908045976817,-0.05318911508282631,0.012183908045977083,-0.01065741018213262,-0.010574712643678156
GDSC1::1264::SGC0946,SGC0946,-0.02107846919873857,-0.002937853107344658,-0.023779719844332248,-0.006779661016949143,-0.013830089005946067,-0.011977401129943503
GDSC1::1266::ICL1100013,ICL1100013,0.01775700056731444,-0.08384180790960455,0.008668249441377895,-0.00338983050847462,0.024284750969387536,-0.005875706214689282
GDSC1::1268::XAV939,XAV939,-0.015616354584071512,-0.004494382022471918,-9.465439440536905e-05,0.0166292134831461,0.024842096558883142,0.01168539325842698
GDSC1::127::GSK269962A,GSK269962A,-0.08873642276103122,-0.014358974358974319,-0.02171216833363232,-0.006666666666666661,-0.031988658883274956,-0.007692307692307686
GDSC1::133::Doxorubicin,Doxorubicin,-0.02934021136464926,-0.03176470588235295,-0.004839433212202149,0.0023529411764705785,0.005432156072303407,0.0047058823529411604
GDSC1::134::Etoposide,Etoposide,-0.014370848509100753,-0.08162790697674424,0.024718377070098718,0.009302325581395356,0.027990157159961004,0.010930232558139536
GDSC1::1359::965-D2,965-D2,0.005504003923686218,0.0019512195121951167,0.015898078366176627,0.006341463414634159,-0.011365991280269272,-0.0012195121951219592
GDSC1::135::Gemcitabine,Gemcitabine,0.01168790054039981,-0.010714285714285704,0.010354973129793166,0.03785714285714289,0.04704153370629616,0.004761904761904773
GDSC1::1360::993-D2,993-D2,-0.08765111554629756,-0.00242424242424244,-0.0869878045225656,-0.0036363636363636216,-0.0032885691137081174,0.0036363636363636424
GDSC1::1362::BAY ACCi,BAY ACCi,-0.004220892385906394,0.006060606060606044,-0.019274668126579853,-0.0012121212121212338,0.03052997076673747,-0.001212121212121213
GDSC1::1363::BAY AKT1,BAY AKT1,-0.017785142740490034,0.0012121212121212269,-0.004729272003784146,0.019393939393939432,0.052024586816245,0.004848484848484831
GDSC1::1364::BAY-HDAC11_1,BAY-HDAC11_1,-0.14916378109399542,-0.03272727272727273,-0.04902551272209377,0.04969696969696974,0.04848921575495346,0.012121212121212123
GDSC1::1365::BAY-HDAC11_2,BAY-HDAC11_2,-0.013741651224563167,-0.012121212121212144,-0.013938593783024533,0.02666666666666668,0.04953225707317577,0.00484848484848488
GDSC1::1367::BAY-HDAC11_4,BAY-HDAC11_4,0.04791392067223876,0.013333333333333336,0.059751328871340714,0.0412121212121212,0.05052194421671308,0.04606060606060606
GDSC1::1368::BAY-MPS1,BAY-MPS1,0.028855939535363362,-0.08727272727272728,0.03498582292267405,0.018181818181818243,0.012868597565271145,-0.012121212121212137
GDSC1::1369::BAY-MPS-combo-1 (paclitaxel 5 uM),BAY-MPS-combo-1 (paclitaxel 5 uM),0.07415411088204049,-0.03971631205673766,0.04799930179888934,0.010212765957446756,0.03653607296809658,0.009361702127659535
GDSC1::136::Mitomycin-C,Mitomycin-C,0.054771357200203985,-0.06352941176470595,0.03149517959239567,0.016470588235294056,0.028081987872027758,0.009411764705882335
GDSC1::1370::BAY-MPS-combo 2 (paclitaxel 1 uM),BAY-MPS-combo 2 (paclitaxel 1 uM),0.04962603229489382,-0.07042253521126762,0.03864888227592567,0.00535211267605634,0.028315734059628506,-0.008169014084507082
GDSC1::1371::PLX-4720,PLX-4720,-0.0787740773999368,-0.019999999999999983,-0.06647916771286155,0.0077777777777778,0.049723283977674004,-0.011111111111111086
GDSC1::1372::Trametinib,Trametinib,0.006793784544622206,-0.051329479768786074,-0.0084235118027296,0.018497109826589603,0.04514627400722371,-0.004624277456647376
GDSC1::1373::Dabrafenib,Dabrafenib,-0.21320965075067,0.008284023668639014,-0.16348598822192928,0.037396449704142055,0.041296000163709934,0.05704142011834323
GDSC1::1375::Temozolomide,Temozolomide,-0.02259427994070995,-0.0040677966101695,-0.06300853183694488,-0.0020338983050847206,-0.01845704837689066,-0.00881355932203388
GDSC1::1377::Afatinib,Afatinib,-0.2540335984478703,0.012359550561797737,-0.2275050340600171,0.03011235955056182,0.019775731516359807,0.02449438202247194
GDSC1::1378::Bleomycin (50 uM),Bleomycin (50 uM),0.04914323049908931,-0.0603314917127072,0.02772362466235867,0.0185635359116022,0.027054143128576458,-0.008397790055248638
GDSC1::1379::ZL109,ZL109,0.00022065773055235383,-0.023333333333333397,-0.020960524607575692,0.0033333333333332993,0.02616785191381288,0.001111111111111061
GDSC1::1382::AZD3514,AZD3514,0.03596387422858949,0.0015469613259668225,0.015753280529581026,0.004198895027624303,-0.00023011576230835828,0.007734806629834241
GDSC1::1386::Doxorubicin,Doxorubicin,0.019848037740905156,-0.06549450549450554,0.025173003261916405,-0.006153846153846142,0.027659611689505814,-0.007472527472527479
GDSC1::1392::Bleomycin (10 uM),Bleomycin (10 uM),0.0607886106653599,-0.026298342541436488,0.011214232142031877,0.02850828729281764,0.016752841257221318,0.008839779005524816
GDSC1::1393::Gemcitabine,Gemcitabine,-0.036415951226450805,-0.044198895027624294,0.012696235004000522,0.028287292817679527,0.0019523097721023674,0.0055248618784530246
GDSC1::1394::AZD6738,AZD6738,-0.10991362003725547,-0.09480662983425414,0.008861949988263618,0.0220994475138122,-0.0007558749816320987,-0.0022099447513812057
GDSC1::1401::AZD5438,AZD5438,0.034398891619927596,-0.001111111111111139,0.01749689179604963,0.00555555555555556,0.014915093961601622,0.007777777777777779
GDSC1::1402::AZD7762,AZD7762,-0.09407732428107063,-0.05767955801104976,-0.025051132857409453,-0.009060773480662958,0.035316411252916735,-0.016353591160221018
GDSC1::1403::AZD6094,AZD6094,-0.4322144556125407,-0.021436464088397764,-0.38139919618735396,-0.029171270718232008,0.08760970374244659,-0.0030939226519337212
GDSC1::1407::Dyrk1b_0191,Dyrk1b_0191,-0.11362673349860875,-0.006187845303867361,-0.11940085330869787,-0.003977900552486141,0.012805414996009512,-0.010386740331491682
GDSC1::1409::AZD4877,AZD4877,-0.04601753102552464,-0.01834254143646409,-0.02487007186935286,0.004198895027624303,0.055826766457771626,0.009060773480662962
GDSC1::140::Vinorelbine,Vinorelbine,0.017775899926101957,0.006744186046511599,-0.01105452714936317,0.006976744186046498,0.010602312173581208,-0.0009302325581395793
GDSC1::1413::EphB4_9721,EphB4_9721,-0.02353869749631987,-0.006666666666666654,-0.044614649341224055,0.014444444444444444,0.03812810920682641,-0.024444444444444477
GDSC1::1414::Fulvestrant,Fulvestrant,-0.069842788330301,-0.04111111111111114,0.0027728831942561705,0.005555555555555539,-0.013646981295317273,-0.0077777777777778175
GDSC1::1416::AZD8931,AZD8931,-0.021103893856925016,-0.003333333333333355,-0.03773675249811581,0.025555555555555547,0.03029990520662218,0.010000000000000009
GDSC1::1419::FEN1_3940,FEN1_3940,-0.1501615549917974,0.011111111111111058,-0.1675557844325788,0.023333333333333296,0.06035281967538908,0.014444444444444378
GDSC1::1421::FGFR_0939,FGFR_0939,-0.01134105107931016,-0.012596685082872962,-0.022098935294170508,0.012817679558011077,0.029715993104807215,0.028950276243093896
GDSC1::1422::FGFR_3831,FGFR_3831,-0.04908136360764348,-0.052596685082872914,-0.004394261091881235,0.016574585635359164,0.023603946915030205,0.007071823204419889
GDSC1::1425::BPTES,BPTES,-0.06072621483173224,0.016666666666666684,-0.05231109242981846,0.013333333333333381,-0.006924153901026298,0.01444444444444444
GDSC1::1426::AZD7969,AZD7969,0.006521129510409063,-0.003333333333333341,-0.010758726938908891,0.006666666666666703,0.02836597156340792,0.004444444444444397
GDSC1::1427::AZD5582,AZD5582,-0.15207554918754984,-0.040223463687150796,-0.1285589765665034,0.026145251396648063,0.08843259541703063,-0.007597765363128485
GDSC1::1428::IAP_5620,IAP_5620,-0.3845928744432263,0.032402234636871446,-0.3321026813864685,0.028826815642458082,0.04423634647126229,0.03754189944134079
GDSC1::1429::IAP_7638,IAP_7638,-0.3987581879789215,0.00335195530726258,-0.26594023954583546,0.0008938547486033802,0.01607483979583435,0.0214525139664804
GDSC1::1430::IGFR_3801,IGFR_3801,-0.05536654130609353,-0.042222222222222175,-0.0621520834829159,0.007777777777777821,0.047251547478908584,0.0033333333333333617
GDSC1::1432::AZD1480,AZD1480,-0.015559773515379405,-0.019226519337016596,-0.013543653409769707,0.0033149171270718206,0.04267097134126696,-0.00883977900552482
GDSC1::1433::JAK1_3715,JAK1_3715,-0.08629692991552029,-0.004198895027624338,-0.046836678616677174,-0.0028729281767955576,0.02025540839274198,-0.002651933701657415
GDSC1::1434::JAK3_7406,JAK3_7406,0.03138304525309543,-0.02320441988950278,0.02532534112330964,-0.0185635359116022,0.0291725100673339,-0.009723756906077317
GDSC1::1436::MCT1_6447,MCT1_6447,-0.12543219009720974,-0.03073446327683618,-0.17166227136760082,-0.03525423728813562,0.01672729523332528,-0.01649717514124296
GDSC1::1437::MCT4_1422,MCT4_1422,-0.058983734746664185,-0.010386740331491742,-0.041496969358688185,0.003314917127071857,0.015198029653473721,-0.0008839779005524878
GDSC1::1441::AZD2014,AZD2014,0.016941512907963308,0.026519337016574582,0.004611260594257871,0.02784530386740336,0.022936520384450487,0.01104972375690608
GDSC1::1444::AZD8186,AZD8186,0.007148817680863839,-0.007777777777777835,-0.01210022917192366,0.012222222222222204,0.0016874717507207038,-0.004444444444444473
GDSC1::1445::AZD8835,AZD8835,-0.01070657379656259,0.0026815642458100225,0.0003116375137524052,0.0026815642458100607,0.006126879354602099,-0.006927374301675979
GDSC1::1446::PI3Ka_4409,PI3Ka_4409,0.017134733243887368,-0.0011111111111111877,0.01395095876524155,0.017777777777777823,0.056566927579506876,0.016666666666666677
GDSC1::1449::AZD1208,AZD1208,0.015859955230651313,0.017016574585635384,0.016351907488958206,0.028287292817679582,0.022079639789373218,0.01348066298342546
GDSC1::1451::PLK_6522,PLK_6522,-0.0792118307323264,-0.04988764044943822,-0.06398072476928207,0.006067415730337124,0.02182610625596837,-0.01303370786516854
GDSC1::1453::RAF_9304,RAF_9304,-0.13640906876569825,-0.029613259668508307,-0.05997893722950787,0.013259668508287338,0.04031069662121123,-0.003314917127071819
GDSC1::1458::PARP_9495,PARP_9495,0.044173636015100604,-0.018324022346368676,0.018878820653880357,-0.0017877094972066979,0.027617451948765526,0.012290502793296082
GDSC1::1459::PARP_0108,PARP_0108,0.07979456262762907,-0.03270718232044198,-0.007949170966691899,0.0285082872928177,0.04546823363032493,0.022099447513812216
GDSC1::1460::PARP_9482,PARP_9482,0.07523837257153532,-0.055555555555555566,-0.023239043408958437,-0.004444444444444421,0.04128503307870579,-0.014444444444444478
GDSC1::1461::TANK_1366,TANK_1366,-0.06274419084124716,0.0024309392265193033,-0.06270894442988473,-0.006850828729281774,-0.025354921261466767,0.0037569060773480455
GDSC1::1463::AZD1332,AZD1332,-0.057728300711655134,0.00839779005524862,-0.06408304576948609,0.0061878453038674425,0.023760887906993045,0.00950276243093924
GDSC1::1464::TTK_3146,TTK_3146,0.015064341108972146,-0.02077348066298347,0.0008848221020689717,0.0276243093922652,0.01357483394987491,0.013480662983425373
GDSC1::147::NSC-87877,NSC-87877,-0.07246371474362823,-0.009302325581395338,-0.07497530044768874,-0.0055813953488372,0.01070200448566494,-0.021162790697674422
GDSC1::1490::SN-38,SN-38,-0.013695343963400664,-0.00916201117318434,-0.04868710336341353,0.0089385474860335,0.004803927368641769,0.0154189944134078
GDSC1::1494::SN-38,SN-38,0.15505064418144876,-0.0180434782608696,-0.0005908648051422549,0.002391304347826098,0.03034996218703756,-0.023043478260869582
GDSC1::1495::Olaparib,Olaparib,0.021209715747431357,-0.017727272727272765,0.014948374368547679,0.019090909090909117,0.028469841732789547,0.011363636363636381
GDSC1::1496::Cisplatin,Cisplatin,-0.02346388516440312,-0.05834254143646409,0.010633835775911482,-0.006850828729281742,-0.03788596917567055,-0.015469613259668523
GDSC1::1497::AZD4547,AZD4547,-0.23924124283017556,0.0006976744186046602,-0.22233074360104865,-0.0013953488372092995,0.012894519798454684,0.020465116279069762
GDSC1::1498::Selumetinib,Selumetinib,-0.06166172485959032,-0.00044943820224720155,-0.036958349490039843,0.03528089887640452,0.04896483356056369,0.01573033707865168
GDSC1::1502::Bicalutamide,Bicalutamide,-0.0704916957455165,0.009356725146198803,-0.04883978298682201,0.014035087719298223,-0.038362376184261415,0.00046783625730994344
GDSC1::150::Bicalutamide,Bicalutamide,-0.0112823003344652,-0.010588235294117697,-0.015307273445609004,-0.01058823529411768,-0.021750617803248273,0.002352941176470561
GDSC1::151::QS11,QS11,0.022310894752737953,-0.01918128654970764,0.02334276000586044,0.0037426900584795197,0.02803534567285615,-0.021754385964912297
GDSC1::1526::Refametinib,Refametinib,-0.01128528773442139,-0.0270588235294118,-0.007003060309384024,0.0035294117647058816,0.03347309303853163,-0.007058823529411756
GDSC1::1527::Pictilisib,Pictilisib,-0.004974168752053476,-0.01403508771929822,0.0049115442545570875,0.011461988304093618,0.01570522595324597,-0.012865497076023365
GDSC1::1529::Pevonedistat,Pevonedistat,-0.03610627350701656,-0.08294117647058821,0.04100710061009205,0.030882352941176482,0.04820012588605138,0.032647058823529425
GDSC1::152::CP466722,CP466722,-0.012213659437213309,0.01720670391061456,-0.018256059597737018,0.02279329608938546,0.016284384959558418,0.0049162011173184625
GDSC1::1530::PFI-3,PFI-3,-0.051206004739390965,0.01212121212121212,-0.04913519531746813,0.02303030303030302,0.001530849624399977,0.006060606060606058
GDSC1::1531::I-CBP112,I-CBP112,0.005325831181507645,-0.007560975609756118,-0.010049956771840063,0.0012195121951219592,-0.010715473954131971,-0.008536585365853697
GDSC1::153::Midostaurin,Midostaurin,0.0108890771696879,-0.025116279069767454,0.024494537586942755,0.024418604651162797,0.01765999659550732,0.0006976744186046602
GDSC1::154::CHIR-99021,CHIR-99021,-0.06657142224682433,-0.01093023255813954,-0.06685499378093951,-0.007906976744186063,0.03961529653708795,0.0018604651162790406
GDSC1::155::Ponatinib,Ponatinib,-0.09608331829712102,0.018139534883720956,-0.08747659327728496,0.01279069767441864,0.06547846494866505,0.010232558139534918
GDSC1::156::AZD6482,AZD6482,0.003164176006705377,-0.004210526315789498,0.010389891400578888,0.01730994152046788,0.027989967228853718,0.00608187134502922
GDSC1::157::JNK-9L,JNK-9L,-0.10113987436395977,-0.0016279069767442048,-0.09542469776383311,0.0025581395348837216,-0.04138686239187028,0.0016279069767441597
GDSC1::158::PF-562271,PF-562271,0.023763674005271795,0.019408284023668662,0.023698340755193836,0.015384615384615365,0.023979300608430343,0.010650887573964544
GDSC1::159::HG6-64-1,HG6-64-1,-0.03070799822325787,-0.042807017543859724,-0.006325996268543799,0.010760233918128642,0.0051659859354782345,-0.01824561403508776
GDSC1::163::JQ1,JQ1,0.021273434187259577,0.012093023255813958,0.012600833805614498,0.01395348837209304,0.015702791709224506,0.01255813953488372
GDSC1::164::JQ12,JQ12,0.03829796922455664,-0.0416374269005848,0.023909593324737743,0.006081871345029261,-4.170478446807735e-06,-0.017076023391812897
GDSC1::165::DMOG,DMOG,0.031371461270496726,-0.017076023391812863,-0.008538197059761554,0.01941520467836266,0.024836782859326334,0.0011695906432748829
GDSC1::166::FTI-277,FTI-277,-0.029662357226885483,0.00813953488372092,-0.021687598069957126,0.0046511627906976605,-0.022164343175026024,-0.0025581395348837632
GDSC1::167::OSU-03012,OSU-03012,-0.030033503953133422,-0.0023529411764705802,-0.027895219288763373,-0.0023529411764705178,0.02681871381472889,0.0058823529411765225
GDSC1::170::Shikonin,Shikonin,-0.031151287015106277,-0.011228070175438594,-0.027434168195484387,0.002105263157894801,0.009681000130152828,-0.004444444444444459
GDSC1::171::AKT inhibitor VIII,AKT inhibitor VIII,-0.0005715389483749167,0.0016279069767441978,0.014296495506876283,0.01860465116279072,0.018837548453120467,-0.004186046511627899
GDSC1::172::Embelin,Embelin,-0.0236075792086059,-0.011695906432748534,-0.02558305093636193,-0.0018713450292397564,0.005920446080893038,-0.005146198830409378
GDSC1::173::FH535,FH535,-0.09267136623349237,-0.010588235294117662,-0.047755598267167576,0.01176470588235292,0.013210374178198592,0.010588235294117662
GDSC1::175::PAC-1,PAC-1,-0.008865081382519291,0.009523809523809504,-0.009237794705818647,0.03904761904761904,0.007124612580656553,0.008333333333333297
GDSC1::176::IPA-3,IPA-3,0.00697959954924765,-0.025882352941176474,0.023409214588499205,0.011764705882352962,0.059935011736619526,-0.005882352941176498
GDSC1::177::GSK650394,GSK650394,0.040615978126165686,-0.04875739644970416,0.042701680081778104,0.0366863905325444,0.03686181633237329,0.01041420118343192
GDSC1::178::BAY-61-3606,BAY-61-3606,0.011037457447178767,-0.0023529411764705646,0.014360855900486413,0.0023529411764706167,0.034631129093825486,-0.003529411764705861
GDSC1::179::5-Fluorouracil,5-Fluorouracil,0.02881327047589788,-0.04903954802259891,0.03339522683355223,-0.007005649717514183,0.02876406542668808,-0.005423728813559379
GDSC1::17::Cyclopamine,Cyclopamine,0.029051956074745977,-0.012467532467532544,0.025205351017708155,-0.01350649350649356,0.03739808006755241,-0.01350649350649356
GDSC1::180::Thapsigargin,Thapsigargin,-0.07644441200500651,0.0064670658682634795,-0.08763004016259313,0.008143712574850265,0.02857023924757618,0.0007185628742514827
GDSC1::182::Obatoclax Mesylate,Obatoclax Mesylate,-0.0732882808160733,-0.02745562130177512,-0.0340671275029365,0.000473372781065122,-0.04883020505382074,-0.00497041420118342
GDSC1::184::BMS-754807,BMS-754807,-0.004512139296959594,-0.005207100591716009,-0.011780824089006714,0.020118343195266272,-0.011200744991437972,0.008994082840236693
GDSC1::185::Linsitinib,Linsitinib,-0.057975986029102033,0.015294117647058826,-0.06388384388172086,0.02352941176470592,0.0056605453509395165,0.0094117647058823
GDSC1::186::Bexarotene,Bexarotene,-0.012057915882256465,-0.018333333333333396,0.008703724584869343,-0.012619047619047658,-0.009350561694974502,-0.011190476190476216
GDSC1::190::Bleomycin,Bleomycin,0.010823773069784881,-0.03329341317365276,0.033700158883292364,0.004790419161676655,0.01628310860254656,-0.01700598802395214
GDSC1::192::LFM-A13,LFM-A13,-0.005511024541015042,0.014117647058823516,0.021002284940119686,0.029411764705882314,0.0031628782396928568,0.016470588235294077
GDSC1::193::GW-2580,GW-2580,-0.03901891026386095,0.01608938547486034,-0.04974239854085538,0.01720670391061456,-0.0026064391141527032,0.017653631284916142
GDSC1::194::Luminespib,Luminespib,-0.07441149872470554,0.035739644970414264,-0.07336190211593463,0.03384615384615392,0.044176942290910404,0.021301775147929018
GDSC1::196::Phenformin,Phenformin,0.007348818286677661,-0.022954545454545457,0.013681540690947847,-0.004090909090909062,0.014709196866322216,-0.010681818181818181
GDSC1::197::Bryostatin 1,Bryostatin 1,-0.02962588427897006,2.42861286636753e-17,-0.05153122102162966,0.010588235294117643,0.0005483424967387407,0.0023529411764705993
GDSC1::199::Pazopanib,Pazopanib,-0.013699617292986854,0.008235294117647021,-0.0020122370664015232,0.017647058823529422,0.040974943920050855,0.0035294117647058643
GDSC1::1::Erlotinib,Erlotinib,-0.11020250163265799,0.010389610389610358,-0.09313742191718921,0.005194805194805176,-0.010700289990395184,0.02857142857142856
GDSC1::200::Dacinostat,Dacinostat,-0.047269960426952196,-0.007058823529411742,-0.05990533843414236,-0.011764705882352903,-0.025716488013158845,-0.0176470588235294
GDSC1::201::Epothilone B,Epothilone B,-0.03667792599414854,-0.028235294117647074,-0.014405880143674166,0.01411764705882354,0.0003501584378977629,-0.009411764705882321
GDSC1::202::GSK1904529A,GSK1904529A,-0.031707322791641346,0.004705882352941157,-0.014199310880750993,0.011764705882352958,0.009428903311599623,0.008235294117647039
GDSC1::203::BMS-345541,BMS-345541,0.018499964470429786,0.005363128491620135,0.029014824514006055,0.030167597765363117,0.048915345102919394,0.0109497206703911
GDSC1::204::Tipifarnib,Tipifarnib,-0.02908654600175109,-0.016470588235294105,-0.01296151140211177,0.0011764705882352788,-0.04599493133911681,-0.01529411764705882
GDSC1::205::Avagacestat,Avagacestat,-0.011649454713064555,0.003351955307262563,-0.023115973531860567,0.0035754189944134443,0.029109131335898986,-0.016759776536312856
GDSC1::206::Ruxolitinib,Ruxolitinib,-0.14521024450266262,0.014972067039106196,-0.13544048525851693,0.016089385474860357,-0.01255560313230042,0.008938547486033538
GDSC1::207::AS601245,AS601245,-0.14023104870338265,-0.025882352941176447,-0.0274960612571038,0.018823529411764697,0.013155768130184597,0.0023529411764705785
GDSC1::208::Ispinesib Mesylate,Ispinesib Mesylate,0.03357336567908442,-0.03011235955056186,0.018535773432826863,0.007865168539325819,0.003100147001522391,-0.02449438202247196
GDSC1::211::TL-2-105,TL-2-105,-0.051607340169235405,0.02726256983240222,-0.06320701557910158,0.03173184357541896,0.016338056753998798,0.01698324022346364
GDSC1::219::AT-7519,AT-7519,0.04606064350483363,-0.026136363636363714,0.01713732793984435,0.03340909090909092,0.05537461821921141,0.02931818181818182
GDSC1::221::TAK-715,TAK-715,0.031336185444021725,-0.02346368715083802,0.030412152615297172,0.010055865921787699,0.031119141626446023,0.00335195530726258
GDSC1::222::BX-912,BX-912,0.015122396558868267,-0.018324022346368717,0.011154505235102308,-0.0035754189944133784,0.016000828061995653,-0.008044692737430161
GDSC1::223::ZSTK474,ZSTK474,0.023744686756374866,0.011910112359550546,0.00953704767007979,0.011910112359550543,0.032649117025908,0.010337078651685344
GDSC1::224::AS605240,AS605240,-0.07195038152439359,-0.022146892655367262,-0.01229821365424888,0.023050847457627078,0.009602971196912335,0.01288135593220334
GDSC1::225::Genentech Cpd 10,Genentech Cpd 10,0.013988389478754248,-0.016179775280898902,0.01778005549450512,0.008314606741573038,0.009715175839597912,-0.004943820224719141
GDSC1::226::GSK1070916,GSK1070916,0.0037826394068649627,0.03882352941176467,-0.00873268807220029,0.052941176470588235,0.06695736779897699,0.011764705882352955
GDSC1::228::AKT inhibitor VIII,AKT inhibitor VIII,0.011633139673822512,-0.013932584269662963,0.01509097637076362,0.01573033707865164,0.038983091087894994,0.014157303370786481
GDSC1::229::Enzastaurin,Enzastaurin,0.027077828722591235,-0.013483146067415701,0.01663365004261874,-0.021123595505617855,0.029606318225193107,-0.01258426966292128
GDSC1::230::GSK429286A,GSK429286A,-0.06252294237298539,0.006966292134831412,-0.06639540912687192,0.015280898876404436,0.017521995949365543,0.005842696629213415
GDSC1::231::FMK,FMK,-0.04178698554969662,-0.02415584415584424,-0.022164032607427053,0.006233766233766201,-0.004228387883997042,-0.00961038961038966
GDSC1::235::QL-XII-47,QL-XII-47,0.038690938270298236,-0.0009039548022598612,0.0004980315761156096,0.0036158192090395766,0.022256681492674124,-0.004519774011299445
GDSC1::236::IC-87114,IC-87114,-0.12674261474613224,0.006033519553072634,-0.1297045909439819,-0.001564245810055858,0.011595391179299419,0.010279329608938558
GDSC1::238::Idelalisib,Idelalisib,-0.013131290152730513,2.0816681711721685e-17,-0.015612640447917325,0.004692737430167623,0.0028572993032291993,-0.00022346368715083637
GDSC1::245::UNC0638,UNC0638,-0.036104096780204875,0.013107344632768355,-0.03767172404654895,0.017853107344632815,0.06705434125389353,0.003389830508474554
GDSC1::249::Cabozantinib,Cabozantinib,-0.04667585971337118,0.006292134831460683,-0.02365382566414098,0.0058426966292135785,0.0378016477645593,-0.006292134831460641
GDSC1::252::WZ3105,WZ3105,0.10361310185653494,0.01810055865921788,-0.02770416650599805,0.0362011173184357,0.046355341440864395,0.019217877094972042
GDSC1::253::XMD14-99,XMD14-99,-0.029988554569939874,0.0008938547486033385,-0.04265797848370689,0.03262569832402231,0.025259672638186625,0.011173184357541853
GDSC1::254::Quizartinib,Quizartinib,-0.21637409525447926,0.015195530726257001,-0.20942785625132743,0.005586592178770982,0.06133963573753065,-0.006480446927374282
GDSC1::255::CP724714,CP724714,-0.11670763576665877,-0.0105027932960894,-0.1112992751286237,-0.0002234636871508225,0.02995208125156945,0.015865921787709483
GDSC1::256::JW-7-24-1,JW-7-24-1,0.008584324340604521,0.015865921787709538,-0.01631349333744625,0.02592178770949722,0.020646599327280413,0.010279329608938598
GDSC1::257::NPK76-II-72-1,NPK76-II-72-1,0.05012954979149353,-0.014382022471910137,0.04858597502796158,2.0816681711721685e-17,0.034969398366704985,-0.01842696629213482
GDSC1::258::STF-62247,STF-62247,-0.06991307982883632,0.020224719101123577,-0.06173281003486286,0.03191011235955056,0.01210879231654105,0.008988764044943781
GDSC1::260::NG-25,NG-25,0.002579015388784356,0.030561797752808966,-0.009455728283919607,0.035730337078651725,0.05212432369147213,0.017977528089887666
GDSC1::261::TL-1-85,TL-1-85,0.0068690104404325325,0.0368539325842696,-0.006534757719466766,0.022247191011235977,0.015008344446125532,0.019999999999999914
GDSC1::262::VX-11e,VX-11e,-0.031868460021713396,0.005617977528089922,-0.02253927171973924,0.017078651685393343,0.027556801553351384,0.003820224719101161
GDSC1::263::FR-180204,FR-180204,0.02058925980498061,-0.010112359550561799,0.004822379493330864,0.013258426966292182,0.018901202982002818,-0.008314606741573062
GDSC1::264::ACY-1215,ACY-1215,-0.07336313610243606,-0.01162011173184356,-0.07103658787561273,0.01564245810055866,-0.01757197028089985,0.00044692737430167967
GDSC1::265::Tubastatin A,Tubastatin A,-0.005043577034138602,0.007415730337078642,-0.007697632180719838,0.016179775280898902,0.0010816066216541298,-0.010112359550561799
GDSC1::266::Zibotentan,Zibotentan,-0.024789305428671637,0.003146067415730397,-0.015624095439780272,0.005393258426966339,0.0015804376414924048,0.00898876404494384
GDSC1::268::Sepantronium bromide,Sepantronium bromide,-0.1792664639180217,0.018823529411764676,-0.2775508025131408,0.024705882352941175,0.02871989658096341,0.023529411764705837
GDSC1::269::NSC-207895,NSC-207895,-0.005242234082962316,-0.022471910112359526,0.010651248417590464,0.0020224719101124174,0.010289589642043406,-0.021348314606741563
GDSC1::271::VNLG/124,VNLG/124,-0.12259116120350022,0.007865168539325819,-0.1062339669658845,0.0312359550561798,0.033001302615983,0.011235955056179761
GDSC1::272::AR-42,AR-42,-0.05457238377013773,0.0054545454545454584,-0.05437701969708897,0.0061363636363637,0.01920139618185912,-0.0036363636363636216
GDSC1::273::CUDC-101,CUDC-101,-0.02334378387832281,0.011428571428571378,-0.020305129553626955,0.0137142857142857,0.029064775350862826,0.011428571428571378
GDSC1::274::Belinostat,Belinostat,-0.12451539349813201,0.01063583815028906,-0.1266344477540553,0.0018497109826590002,0.01162968109972562,0.000462427745664698
GDSC1::275::I-BET-762,I-BET-762,0.02509071812732544,-0.0038202247191011646,0.0381794035939631,0.025168539325842672,0.03542197708065298,0.009662921348314538
GDSC1::276::CAY10603,CAY10603,-0.09830952447994679,0.00858757062146896,-0.09499936922060881,-0.007457627118644016,0.028393649499349083,-0.007231638418079077
GDSC1::277::Linifanib,Linifanib,-0.21302593037364193,0.004469273743016845,-0.20979269498701858,-0.006703910614525056,0.08763877149659427,-0.0020111731843574787
GDSC1::279::BIX02189,BIX02189,0.01572300738880328,-0.008539325842696562,0.028449911191441135,0.006067415730337138,0.015257921458639023,1.734723475976807e-17
GDSC1::281::Alectinib,Alectinib,-0.31018715304631983,-0.02741573033707866,-0.2860226708951541,-0.010561797752808879,0.022811228017895147,0.006966292134831523
GDSC1::282::Pelitinib,Pelitinib,0.008468120702094017,0.0044692737430167585,-0.010772807197678258,0.006256983240223519,0.030509234403753638,0.0055865921787709785
GDSC1::283::Omipalisib,Omipalisib,0.05302086490833213,-0.008044692737430158,0.022758703101741773,0.017653631284916184,0.010528290527415551,-0.008044692737430179
GDSC1::284::JNJ38877605,JNJ38877605,0.013850767658791563,0.010279329608938575,0.005148380281001286,-0.006256983240223422,-0.0212255436102462,0.0008938547486033559
GDSC1::285::SU11274,SU11274,-0.0029205679876431745,-0.026666666666666665,0.024111434121559583,-0.0033333333333332854,0.039504010878496754,-0.00111111111111108
GDSC1::286::KIN001-236,KIN001-236,0.012198510179653788,0.0058426966292134605,-0.011956060061551366,0.01460674157303372,-0.020910382790636284,0.007640449438202183
GDSC1::287::KIN001-244,KIN001-244,0.0043842470771155995,0.011235955056179801,0.0009345523784445309,0.02179775280898878,0.0130326857252836,0.00292134831460672
GDSC1::288::WHI-P97,WHI-P97,-0.02727330707139508,0.01887640449438206,-0.05065914651985026,0.0035955056179775985,0.02066760510098775,-0.00292134831460672
GDSC1::289::KIN001-042,KIN001-042,-0.07981220227193575,-0.014301675977653621,-0.059379064357528155,-0.0073743016759776,-0.005342348337148528,-0.0022346368715083584
GDSC1::290::KIN001-260,KIN001-260,-0.0032723707487554154,0.008539325842696621,-0.0013408991650671886,0.01640449438202244,-0.00424720565732728,0.001348314606741518
GDSC1::291::KIN001-266,KIN001-266,-0.06684901274125354,0.01033707865168534,-0.08528367211363075,0.0146067415730337,0.07051869698517721,0.01528089887640446
GDSC1::292::Masitinib,Masitinib,0.029162886044077796,0.010502793296089392,-0.003705592854220008,0.010949720670391135,0.05062480813325343,0.002234636871508336
GDSC1::293::Amuvatinib,Amuvatinib,-0.09383499230340808,0.016949152542372878,-0.0935510383920497,0.00723163841807916,0.022770935405264314,0.005875706214689282
GDSC1::294::MPS-1-IN-1,MPS-1-IN-1,-0.03517274967984707,-0.0319101123595506,0.0037293470812118645,0.04044943820224716,0.03034974355606357,0.005168539325842658
GDSC1::295::NVP-BHG712,NVP-BHG712,-0.00447079190205435,-0.010561797752809042,-0.0030912078172409263,0.016629213483146076,0.02040424138116781,0.008539325842696576
GDSC1::298::OSI-930,OSI-930,0.018575376200840488,0.010055865921787699,0.0067293898298270705,-0.0017877094972066979,0.03500799406581323,0.00893854748603352
GDSC1::299::OSI-027,OSI-027,0.010899730175538913,-0.0322727272727273,0.0027724756965454844,0.008636363636363619,0.04159255849645893,-0.02454545454545456
GDSC1::29::AZ628,AZ628,-0.25211233275605505,-0.14307692307692307,-0.026336956529176003,-0.002051282051282105,0.048348004108849985,-0.017435897435897463
GDSC1::300::CX-5461,CX-5461,-0.01691958102603297,-0.015367231638418126,-0.011351510827378286,0.009039548022598837,0.0729364355650115,0.007231638418079077
GDSC1::301::PHA-793887,PHA-793887,0.04516169964899075,-0.039775280898876414,0.03926565092452594,0.005393258426966339,0.0029655826352015247,-0.02741573033707866
GDSC1::302::PI-103,PI-103,0.05005723286026775,-0.017727272727272765,0.019932210866781208,0.016818181818181815,0.06730155181682207,0.007272727272727195
GDSC1::303::PIK-93,PIK-93,0.03559919247737042,-0.00988764044943826,0.028577663448518864,0.0170786516853932,0.03523986823529168,0.0024719101123594975
GDSC1::304::SB52334,SB52334,-0.054761495601796994,0.004044943820224696,-0.04811713690326025,0.004943820224719097,0.00632717380760961,0.00269662921348314
GDSC1::305::TPCA-1,TPCA-1,0.042641413423367025,-0.004943820224719099,0.02479861739225342,0.01797752808988766,0.020051988414601762,-0.010112359550561806
GDSC1::306::Fedratinib,Fedratinib,0.021558242387133664,-0.004469273743016734,0.022922687404347997,0.010055865921787723,0.040404084505026194,0.005363128491620125
GDSC1::308::Foretinib,Foretinib,-0.06599953979291295,-0.004719101123595483,-0.07276153587109513,-0.011685393258426881,0.05572012146317995,0.0
GDSC1::309::Y-39983,Y-39983,0.0130824430949954,-0.004494382022471901,0.022245418386175775,0.0017977528089888582,0.021161882437529922,0.0017977528089887784
GDSC1::30::Sorafenib,Sorafenib,-0.059133843141973896,0.00831168831168826,-0.03978548273710203,0.01506493506493502,-0.05320683139553961,-0.0020779220779221577
GDSC1::310::YM201636,YM201636,0.053245939500948136,0.01865168539325838,0.03462391243572038,0.03370786516853928,0.03905810353950878,0.014606741573033703
GDSC1::312::Tivozanib,Tivozanib,-0.09425923104800926,0.052134831460674186,-0.07969365825916674,0.05033707865168546,0.09738970722480533,0.022471910112359564
GDSC1::317::WYE-125132,WYE-125132,0.0053668245345570575,-0.006327683615819181,0.005833972557366618,0.03796610169491526,0.039732734003551595,0.018079096045197737
GDSC1::326::GSK690693,GSK690693,-0.09440920166433298,0.004943820224719141,-0.09160358290326642,0.012584269662921421,0.03500825415073705,0.005393258426966321
GDSC1::328::SNX-2112,SNX-2112,-0.025639865485918456,-0.005197740112994335,-0.002807869843821642,0.034576271186440716,0.04846447145259769,0.009039548022598883
GDSC1::329::QL-XI-92,QL-XI-92,0.02976762826926249,0.007597765363128502,0.007535364307861059,0.013407821229050265,0.007636875018146583,0.007821229050279346
GDSC1::32::Tozasertib,Tozasertib,0.041989924145695134,-0.0031578947368421095,0.05782374181187766,0.03526315789473683,0.02252121276993302,0.00473684210526313
GDSC1::330::XMD13-2,XMD13-2,0.07279529715543487,-0.022346368715083866,0.05037941910765409,0.019441340782122875,0.04504039443299068,-0.006480446927374345
GDSC1::331::QL-X-138,QL-X-138,0.007523622677535924,-0.019209039548022618,0.0003220369777305887,0.0036158192090395627,0.009267428143644008,0.0029378531073446443
GDSC1::332::XMD15-27,XMD15-27,-0.061182046914740384,-0.028156424581005618,-0.041802330918673025,0.008938547486033503,-0.04780914750386356,-0.02234636871508383
GDSC1::333::T0901317,T0901317,-0.08850380782769118,0.016271186440678,-0.09047761560476908,-0.001807909604519757,0.0013001630665603336,0.01288135593220334
GDSC1::341::Selisistat,Selisistat,-0.04163766697802718,-0.0038202247191011438,-0.016896183529402586,0.020000000000000035,0.006620896959127376,0.009662921348314594
GDSC1::342::Tenovin-6,Tenovin-6,-0.04837373631689612,-0.0044444444444444,-0.06429933550873335,-0.012222222222222181,9.713928697729912e-05,-0.004444444444444419
GDSC1::344::THZ-2-49,THZ-2-49,0.024458527267937402,-0.014318181818181782,-0.01026684564570246,-0.007499999999999941,0.07055203406723987,0.0013636363636363828
GDSC1::345::KIN001-270,KIN001-270,0.013489917695634235,-0.01775280898876408,0.004325593093482016,0.00426966292134838,0.020346864947865084,-0.002921348314606699
GDSC1::346::THZ-2-102-1,THZ-2-102-1,-0.050552182048791305,0.0011494252873563982,-0.04725242637930638,0.015172413793103502,0.027437114168686882,-0.008045977011494197
GDSC1::34::Imatinib,Imatinib,-0.2597181481117561,0.03443037974683543,-0.18321570167239165,0.05772151898734176,-0.065774901069938,0.05063291139240507
GDSC1::356::AT7867,AT7867,0.008468400581894686,-0.027777777777777804,-0.008122549842668692,0.002222222222222261,-0.02405413694822256,0.004444444444444459
GDSC1::35::NVP-TAE684,NVP-TAE684,-0.1065762848850027,-0.07949367088607598,0.00199801463553384,0.014683544303797421,0.02129055341049413,0.019240506329113883
GDSC1::362::CI-1033,CI-1033,-0.023045871152953312,0.004469273743016804,-0.015882115264425734,0.0370949720670391,0.04164909161820729,0.019441340782122937
GDSC1::363::PF-00299804,PF-00299804,-0.050189513914119965,0.03235955056179778,-0.0566030802518136,0.02943820224719108,0.0390756298444106,0.02966292134831464
GDSC1::366::TWS119,TWS119,-0.03942051246650613,-0.008888888888888922,-0.018294669472988856,3.8163916471489756e-17,0.01969629424158037,0.0011111111111110974
GDSC1::371::Torin 2,Torin 2,-0.05836729396909823,0.0223529411764706,-0.06113126953079773,0.01647058823529416,0.027220416160577354,0.0035294117647059198
GDSC1::372::Pilaralisib,Pilaralisib,0.015854301208451993,-0.016666666666666698,0.005214183643966752,0.012222222222222221,-0.010012671752794855,0.00888888888888888
GDSC1::374::GSK1059615,GSK1059615,-0.02898587997375235,0.0022598870056497397,-0.0546838611767797,0.009265536723163858,-0.008805255513642862,0.011299435028248619
GDSC1::375::Voxtalisib,Voxtalisib,0.03596202014099581,0.02111111111111108,0.0376924014142368,0.02555555555555552,0.02591282571572906,0.0233333333333333
"GDSC1::376::Brivanib, BMS-540215","Brivanib, BMS-540215",0.02301861018490814,0.005555555555555543,0.020795881360079038,0.01666666666666668,0.008674194318643913,-0.0044444444444444835
GDSC1::37::Crizotinib,Crizotinib,-0.02809864735501133,-0.006582278481012685,-0.007558060072776263,0.008607594936708832,0.03560235381451449,0.027341772151898737
GDSC1::380::BIBF-1120,BIBF-1120,-0.012285902126011328,-0.028888888888888915,0.009058157461159677,0.00888888888888882,0.007781275530291731,-0.010000000000000064
GDSC1::381::AST-1306,AST-1306,-0.053910895752397714,0.013559322033898362,-0.05014388195765984,0.019435028248587623,0.048118256127754666,0.013107344632768421
GDSC1::382::Apitolisib,Apitolisib,-0.06790571843764459,0.011910112359550543,-0.06966335118070854,-0.011235955056179782,0.032013299290936104,0.001348314606741563
GDSC1::38::Saracatinib,Saracatinib,-0.06006272180892225,-0.01620253164556964,-0.002310004197886961,0.029367088607594925,0.10405749552100918,-0.003037974683544317
GDSC1::3::Rapamycin,Rapamycin,-0.04916155354737173,-0.01714285714285712,-0.0364310633722269,0.005714285714285741,0.020691344481962526,-0.01714285714285712
GDSC1::406::LIMK1 inhibitor BMS4,LIMK1 inhibitor BMS4,-0.04549563064750384,-0.007777777777777776,-0.040751701502374615,-0.006666666666666637,0.008738516439825927,-0.008888888888888877
GDSC1::407::kb NB 142-70,kb NB 142-70,-0.024906168943600537,0.01111111111111112,-0.04115932763376451,0.007777777777777779,0.04154759680223674,0.00555555555555556
GDSC1::408::Sphingosine Kinase 1 Inhibitor II,Sphingosine Kinase 1 Inhibitor II,0.01162162014665924,-0.014444444444444466,-0.004124585647208301,-0.00555555555555552,0.006216604156486727,-0.003333333333333339
"GDSC1::409::eEF2K Inhibitor, A-484954","eEF2K Inhibitor, A-484954",0.005694904766186837,-0.012513966480446921,0.0023672894431412406,-0.01474860335195524,-0.013039005410179438,-0.006480446927374281
"GDSC1::410::MetAP2 Inhibitor, A832234","MetAP2 Inhibitor, A832234",0.026546143258518784,-0.0031638418079096148,0.03366537370074307,0.012429378531073444,0.02479126890585115,0.014689265536723183
GDSC1::412::Venotoclax,Venotoclax,-0.5658179211873151,0.06983050847457634,-0.4843427628362058,0.05355932203389835,0.07466778866646973,0.03570621468926555
GDSC1::415::CPI-613,CPI-613,-0.07038721543813442,0.019775280898876375,-0.08831168236206843,0.024494382022471936,0.018927134924650257,-0.001123595505617983
GDSC1::416::CAY10566,CAY10566,-0.23780433345200525,0.011073446327683638,-0.20830766785810728,0.015141242937853142,0.03459201501172293,0.03299435028248588
GDSC1::41::S-Trityl-L-cysteine,S-Trityl-L-cysteine,0.021980244583403863,0.052987012987012985,0.03487059963017081,0.07792207792207792,0.06876412901079387,0.05974025974025976
GDSC1::427::Ara-G,Ara-G,-0.13871287706229585,0.0271186440677966,-0.17856597221532478,0.04384180790960454,0.014275441917162013,0.03796610169491524
GDSC1::428::Pemetrexed,Pemetrexed,-0.06862673893558457,0.021590909090909063,-0.0689351031414287,0.05863636363636362,0.0688036832455392,0.04954545454545454
GDSC1::431::Alisertib,Alisertib,-0.07285437567095965,-0.02514285714285714,-0.05809387976372915,0.030857142857142875,0.031703661139954376,0.0
GDSC1::432::Flavopiridol,Flavopiridol,-0.044106860355410005,-0.005197740112994384,-0.05690868184671394,0.005875706214689299,-0.013822266535939542,-0.007909604519774023
GDSC1::435::C-75,C-75,0.02698443891200819,-0.030112359550561817,0.016404060246493213,0.01842696629213486,0.059400037567509445,0.009662921348314576
"GDSC1::436::CAP-232, TT-232, TLN-232","CAP-232, TT-232, TLN-232",-0.007669123223123853,0.008135593220338959,-0.007853889127655833,0.002937853107344665,0.09314921081678262,-0.0009039548022598959
GDSC1::437::Trichostatin A,Trichostatin A,-0.027671765534050596,-0.011299435028248539,0.004381265538367263,0.011073446327683659,0.011193464657042629,0.0
GDSC1::438::Panobinostat,Panobinostat,-0.08834713926547777,0.00090909090909096,-0.0823963240044212,-0.0006818181818180995,-0.004477664163657913,-0.00886363636363632
GDSC1::439::LCL161,LCL161,-0.14678217029697604,0.010169491525423738,-0.13102370521679885,-0.0110734463276836,0.02728069309294745,0.0146892655367232
GDSC1::442::IMD-0354,IMD-0354,-0.08622221777027494,0.014606741573033717,-0.08209309104552864,0.04044943820224716,0.011356863742325363,0.02359550561797754
GDSC1::446::MIM1,MIM1,-0.003453300740539511,0.002259887005649698,-0.0022319816479536847,0.022824858757062156,0.02487410600890705,0.005875706214689282
GDSC1::447::ETP-45835,ETP-45835,-0.0038085826853473392,0.00888888888888886,-0.00403220665964632,0.01777777777777776,0.02319384544224723,0.012222222222222221
GDSC1::449::CD532,CD532,-0.1048865694070833,-0.05111111111111107,-0.017877111884115893,-0.0066666666666666645,0.01566666593402921,-0.002222222222222181
GDSC1::45::Z-LLNle-CHO,Z-LLNle-CHO,-0.023743471634292357,0.027532467532467523,-0.034878085219974375,0.027532467532467523,0.03902930215271172,0.005714285714285741
GDSC1::461::NSC319726,NSC319726,-0.014426550468880972,-0.044210526315789506,0.012725341594094886,0.013801169590643321,0.03971808131828247,-0.006783625730994159
GDSC1::474::ARRY-520,ARRY-520,0.010451100017994541,-0.022272727272727322,0.026389733748778177,-0.0006818181818181689,0.07190913478158834,0.019999999999999997
GDSC1::476::SB505124,SB505124,0.016142788022976085,0.003163841807909587,0.022503466490044755,0.018757062146892683,0.042239475917738245,0.019661016949152565
GDSC1::477::A-83-01,A-83-01,-0.01914000531019977,-0.006327683615819223,-0.0006710908842344487,0.010169491525423716,0.0015491026324456758,-0.013107344632768386
GDSC1::478::LDN-193189,LDN-193189,0.027975258709625805,-0.012134831460674178,0.023013106334591527,0.02404494382022474,0.04819637168557167,0.008988764044943802
GDSC1::51::Dasatinib,Dasatinib,-0.1670430464722279,-0.033157894736842095,-0.0883168163703707,0.020000000000000025,0.12843116096123675,0.01578947368421052
GDSC1::52::GNF-2,GNF-2,-0.11442057236573433,0.010909090909090865,-0.12429330532635885,-0.0025974025974025983,0.054253638124132086,0.018701298701298667
GDSC1::53::CGP-60474,CGP-60474,-0.023572733946583657,0.00883116883116882,-0.030263578953786396,0.0036363636363637222,0.03404181693847508,-0.015064935064935038
GDSC1::546::FTY-720,FTY-720,0.03787757260647884,-0.0013483146067415387,0.008465637830063932,-0.01438202247191004,0.0372036982005598,0.0
GDSC1::54::CGP-082996,CGP-082996,0.040552874297657526,-0.017142857142857126,0.06213535482158794,0.01662337662337662,0.03363142097930227,0.00467532467532468
GDSC1::552::BAM7,BAM7,-0.016003135664519608,0.024269662921348276,-0.026801598288914708,0.021797752808988758,0.04996969873127788,0.030561797752808897
GDSC1::55::A-770041,A-770041,-0.28745387302131165,-0.06441558441558443,-0.038735425715761496,-0.00675324675324674,0.03244638231965902,-0.023376623376623322
GDSC1::562::AGI-6780,AGI-6780,0.005111857590448854,-0.007191011235955086,0.040168414884033665,0.005393258426966339,0.0194825377877359,0.014157303370786498
GDSC1::563::Kobe2602,Kobe2602,0.01631131332920277,-0.03617977528089894,0.040582886189718836,-0.00426966292134838,0.052944312659239934,0.00292134831460672
GDSC1::56::WH-4-023,WH-4-023,-0.3209031747677904,-0.06909090909090909,-0.07679823266350061,0.019740259740259697,0.07520620799981925,0.021298701298701317
GDSC1::573::LGK974,LGK974,-0.04687764864343058,-0.02327683615819212,0.005172053481794281,0.006101694915254278,0.007160914512899019,0.0038418079096045193
GDSC1::574::Wnt-C59,Wnt-C59,-0.01648331103439049,-0.010337078651685438,0.0010223927353480988,0.009662921348314578,0.008242839767883536,-0.00876404494382026
GDSC1::576::RU-SKI 43,RU-SKI 43,0.01590225603555484,-0.0283146067415731,0.02575130945245263,0.006292134831460641,0.010179017394482459,-0.004269662921348359
GDSC1::59::WZ-1-84,WZ-1-84,-0.013176052873339783,0.007792207792207781,-0.008645275704211919,0.015584415584415541,0.07678627327268517,0.007792207792207767
GDSC1::5::Sunitinib,Sunitinib,-0.11523455628310009,-0.02129870129870126,-0.04453135203159708,-0.004155844155844135,0.04588425062574686,0.01246753246753244
GDSC1::60::BI-2536,BI-2536,-0.07050838447641672,-0.005194805194805169,-0.035846661802518165,0.03220779220779216,0.04880326602139218,0.019220779220779194
GDSC1::62::BMS-536924,BMS-536924,0.029923792017220174,0.009870129870129779,0.050211172983019914,0.03220779220779216,0.017248615953916024,0.0062337662337662025
GDSC1::63::BMS-509744,BMS-509744,-0.010233883463656168,-0.025641025641025637,0.00888773958039546,-0.019487179487179502,-0.001072652373492966,-0.02153846153846162
GDSC1::64::CMK,CMK,0.017369167122749385,0.022857142857142847,0.05293188332669585,0.04883116883116877,0.03739214679459835,0.029610389610389587
GDSC1::6::PHA-665752,PHA-665752,-0.1647096319856245,0.023291139240506346,-0.12838429737253088,0.018734177215189912,-0.031177470604332846,-0.0020253164556962022
GDSC1::71::Pyrimethamine,Pyrimethamine,0.04375184750546879,0.01128205128205122,0.04165365337074789,-0.004102564102564141,0.030957247668463417,0.01999999999999996
GDSC1::83::JW-7-52-1,JW-7-52-1,-0.08001071438763008,-0.037333333333333385,-0.051746409395855064,-0.010666666666666737,-0.03574525090509573,-0.03999999999999998
GDSC1::86::A-443654,A-443654,0.010912355002840934,-0.002077922077922137,0.005247068942868305,0.01922077922077922,0.028684522725481054,-0.021298701298701275
GDSC1::87::GW843682X,GW843682X,-0.017152031623427266,0.027012987012986985,-0.007781778957082874,0.039480519480519526,0.0881471790463122,0.02597402597402597
GDSC1::88::Entinostat,Entinostat,0.029244689308988825,0.0020779220779220363,0.034571252194268265,0.012467532467532436,0.02911850889118317,-0.017662337662337685
GDSC1::89::Parthenolide,Parthenolide,-0.047240986140691055,-0.03641025641025637,0.04070540749563545,0.028717948717948725,0.04315718266110857,0.03333333333333341
GDSC1::91::GSK319347A,GSK319347A,-0.030053511695651514,-0.023589743589743598,-0.0013450324467834118,-0.003076923076923102,-0.04583846491234844,-0.04410256410256412
GDSC1::94::TGX221,TGX221,-0.10832380709259914,0.014358974358974336,-0.04016875876588011,0.007692307692307738,0.08846924076654372,0.013333333333333336
GDSC1::9::MG-132,MG-132,-0.13657251137491988,-0.048205128205128296,0.045253013061541836,-0.007179487179487243,-0.013045423023917424,-0.03128205128205138
GDSC2::1003::Camptothecin,Camptothecin,0.05129717685679802,-0.0425531914893617,-0.033668197382504816,0.007234042553191506,0.0320426724242624,-0.005957446808510659
GDSC2::1004::Vinblastine,Vinblastine,-0.04455858034078908,-0.05729729729729735,-0.03743636242797832,0.02621621621621618,0.04119421560794745,0.02918918918918916
GDSC2::1005::Cisplatin,Cisplatin,0.06981225376349665,-0.058421052631578985,0.02155675163397608,-0.01210526315789472,0.031520772239446826,-0.016842105263157926
GDSC2::1006::Cytarabine,Cytarabine,0.06099046790098184,-0.05675675675675678,0.04161538249042618,0.005135135135135117,0.02696394714888406,-0.004864864864864864
GDSC2::1007::Docetaxel,Docetaxel,-0.0574253582243931,-0.03553191489361708,-0.030697183992945964,0.025957446808510608,0.01271847105001922,0.014893617021276548
GDSC2::1008::Methotrexate,Methotrexate,-0.12530046573623999,-0.07555555555555558,-0.003950692010045387,0.04444444444444447,0.12470155371160185,0.01801169590643275
GDSC2::1009::Tretinoin,Tretinoin,-0.03510253997604251,-4.163336342344337e-17,0.026530495429169187,-0.015,0.04764783812431683,-4.163336342344337e-17
GDSC2::1010::Gefitinib,Gefitinib,-0.12259092502631752,-0.0015053763440860783,-0.10831102230898715,0.009462365591397858,0.0018478898040246161,0.010322580645161217
GDSC2::1011::Navitoclax,Navitoclax,-0.03757257861507424,-0.06106382978723415,0.02167580902730215,0.03617021276595736,0.028432145597500735,0.01021276595744676
GDSC2::1012::Vorinostat,Vorinostat,0.0023172622401583798,-0.013475935828877003,-0.015481605512933205,0.023101604278074922,0.017140423849899777,0.0047058823529411604
GDSC2::1013::Nilotinib,Nilotinib,-0.08781205410138515,-0.02645161290322582,-0.043560886533654086,0.0023655913978494203,0.05322546752199675,-0.003870967741935502
GDSC2::1014::Refametinib,Refametinib,-0.018822089597955838,-0.036956521739130395,-0.012503856934202862,0.007826086956521743,0.03326062631831839,-0.005434782608695659
GDSC2::1016::Temsirolimus,Temsirolimus,-0.059703074285415214,-0.0194413407821229,-0.03085558822503276,-0.0089385474860335,0.027499661185109048,0.00111731843575422
GDSC2::1017::Olaparib,Olaparib,0.07875508771325701,-0.03914893617021285,-0.0014954889186129527,0.0038297872340425,0.03244435223977882,-0.012127659574468139
GDSC2::1018::Veliparib,Veliparib,0.033682376515689505,-0.02810810810810808,0.02688651104085249,0.021621621621621658,0.0329592853684193,0.005405405405405416
GDSC2::1019::Bosutinib,Bosutinib,-0.018403947185748892,-0.007567567567567608,-0.01172668614419381,0.038918918918918924,0.07684885893232463,0.03027027027027026
GDSC2::1020::Lenalidomide,Lenalidomide,-0.014485045078935332,-0.032432432432432434,0.018671342954702297,0.009729729729729703,0.020574762053107154,0.004324324324324363
GDSC2::1021::Axitinib,Axitinib,-0.026111331064770482,-0.033796791443850255,-0.002344537857135842,0.01625668449197862,0.022166347302613465,-0.0017112299465240621
GDSC2::1022::AZD7762,AZD7762,-0.05926479013179442,-0.07871657754010697,-0.005886619191832976,0.017540106951871682,0.02013518106421852,-0.009197860962566862
GDSC2::1023::GW441756,GW441756,0.0006633635003783223,-0.018378378378378444,0.004075371670761552,-3.9898639947466563e-17,0.01532765483755627,-0.0075675675675676395
GDSC2::1024::Lestaurtinib,Lestaurtinib,0.0302596731168836,-0.006956521739130479,0.013210204209013865,0.007173913043478301,0.032258894636341795,0.00739130434782604
GDSC2::1025::SB216763,SB216763,0.007950428480515193,0.002150537634408603,0.0013651241688954485,0.0243010752688172,0.01971804898732077,0.012903225806451597
GDSC2::1026::Tanespimycin,Tanespimycin,-0.004834936662909017,-0.037837837837837875,-0.008511456473586199,0.017297297297297263,-0.016703396399579296,-0.011891891891891916
GDSC2::1029::Motesanib,Motesanib,-0.10918966390428642,0.0010810810810809972,-0.082177573898647,0.0010810810810810423,0.071413483922945,0.0010810810810810423
GDSC2::1030::KU-55933,KU-55933,0.028728206842453252,-0.0632258064516129,0.023854419117593784,-0.0139784946236559,0.011206164086107195,-0.01698924731182796
GDSC2::1031::Elesclomol,Elesclomol,0.10270239931142489,0.009999999999999967,0.12091092562319572,0.029999999999999985,0.08851812743059573,0.01999999999999995
GDSC2::1032::Afatinib,Afatinib,-0.1337488937973632,-0.0036170212765957582,-0.11111673498673769,0.01893617021276598,0.01552298743118219,0.019787234042553184
GDSC2::1033::Vismodegib,Vismodegib,0.05088506602270293,-0.04756756756756756,0.02437255024087359,0.007567567567567619,0.017241852719942052,0.00864864864864872
GDSC2::1034::Staurosporine,Staurosporine,-0.03283142398512018,-0.03808510638297878,0.01511479911554292,0.024042553191489333,0.024098838917912202,0.015531914893617008
GDSC2::1036::PLX-4720,PLX-4720,-0.002231244936278909,-0.03272727272727272,-0.001576320705199974,0.0201069518716578,0.016333978137589744,0.01069518716577544
GDSC2::1037::BX795,BX795,0.028381002511421727,-0.09499999999999997,0.11492635250032568,-0.01000000000000002,0.06533664020477792,-2.42861286636753e-17
GDSC2::1038::NU7441,NU7441,-0.00608218409781891,-0.05282608695652177,-0.00961950315521487,0.0017391304347825973,0.02148637664695019,-0.01043478260869568
GDSC2::1039::SL0101,SL0101,-0.18083291506929378,-0.10000000000000003,0.15114306466227467,0.014999999999999993,0.0604844756819658,-5.551115123125783e-17
GDSC2::1042::Doramapimod,Doramapimod,-0.014260226980422397,-0.004301075268817185,-0.01573839613636241,0.008602150537634398,0.024008098618129692,-0.01075268817204298
GDSC2::1043::JNK Inhibitor VIII,JNK Inhibitor VIII,-0.025905238978734424,-0.017297297297297336,-0.0010238842624554767,0.012972972972972955,0.022236929303505848,0.011891891891891895
GDSC2::1046::Wee1 Inhibitor,Wee1 Inhibitor,-0.07759803768928819,-0.03225806451612904,-0.022020178989604844,0.04688172043010752,0.01997519839670847,0.02752688172043012
GDSC2::1047::Nutlin-3a (-),Nutlin-3a (-),0.011371291487946689,-0.04361702127659574,-0.08643485019105057,0.014255319148936185,0.05557170351384211,-0.00021276595744679216
GDSC2::1048::Mirin,Mirin,-0.11018056271230248,-0.08114942528735636,-0.02344169675477681,0.006666666666666661,0.040733604616087105,0.0029885057471264395
GDSC2::1049::PD173074,PD173074,-0.014637511312114881,0.01659574468085104,-0.030868154585505847,0.015106382978723444,0.03192304840753657,0.020212765957446782
GDSC2::1050::ZM447439,ZM447439,-0.009265997321240338,-0.03717391304347824,0.0019484266722966659,0.03391304347826086,0.009628330215209813,0.015217391304347839
GDSC2::1051::Alisertib,Alisertib,-0.04672083311305908,-0.061621621621621644,-0.010620443376988753,0.022702702702702724,0.08818912327013351,0.005405405405405385
GDSC2::1052::RO-3306,RO-3306,0.04554507819452436,-0.03096774193548392,0.02366249142881771,0.0387096774193548,0.05567816389998015,0.02774193548387096
GDSC2::1053::MK-2206,MK-2206,-0.0023468989291359765,-0.049361702127659585,0.011697169985603884,-0.003829787234042502,0.015286181434631674,-0.005319148936170144
GDSC2::1054::Palbociclib,Palbociclib,-0.008216061682100095,-0.056808510638297824,-0.001737908591137538,-0.004255319148936117,-0.0031756831179208245,-0.009574468085106359
GDSC2::1057::Dactolisib,Dactolisib,-0.01741858253133244,-0.020000000000000018,-0.0031705560808028554,0.02322580645161294,0.020632823389803434,0.013763440860215078
GDSC2::1058::Pictilisib,Pictilisib,0.02101432399657943,0.01021276595744678,0.009066154563568185,0.041489361702127615,0.027021056319284753,0.02127659574468084
GDSC2::1059::AZD8055,AZD8055,0.014802961046038732,-0.015302013422818783,0.009230705203616019,0.020134228187919493,0.02716521541445749,0.007785234899328836
GDSC2::1060::PD0325901,PD0325901,0.046167532139292033,-0.014255319148936144,0.013517072913700412,0.007234042553191541,0.04348126042955358,-0.017021276595744615
GDSC2::1061::SB590885,SB590885,-0.09085146285543289,-0.025217391304347817,-0.05110436334551549,0.03478260869565214,0.02079335697297413,0.003260869565217338
GDSC2::1062::Selumetinib,Selumetinib,-0.008077321332958576,-0.0064864864864865035,-0.030554884076911204,0.004324324324324294,0.04000663429184037,0.005405405405405454
GDSC2::1067::CCT007093,CCT007093,-0.014636569583504011,-0.013846153846153817,-0.027256468976156523,0.01560439560439564,0.006105153565050259,0.00021978021978028006
GDSC2::1068::Obatoclax Mesylate,Obatoclax Mesylate,-0.013808076199618657,-0.030318471337579637,0.0313502506114125,0.016560509554140117,0.013502417055972549,0.02522292993630572
GDSC2::1069::EHT-1864,EHT-1864,0.04759099323020166,-0.018142076502732283,0.005335982357197233,0.012677595628415297,0.00724694530416059,0.011147540983606537
GDSC2::1072::Avagacestat,Avagacestat,-0.03685388159103331,-0.043655913978494665,-0.0034944088796720063,0.018709677419354774,-0.0071283162049136095,0.00043010752688166926
GDSC2::1073::5-Fluorouracil,5-Fluorouracil,0.04956934354114684,-0.03510638297872332,0.0058088948493466575,-0.0008510638297871409,0.03764433336242634,-0.00808510638297864
GDSC2::1079::Dasatinib,Dasatinib,-0.07193086011984984,0.007272727272727285,-0.1007834516327224,0.016898395721925183,0.08673329033343569,0.008342245989304845
GDSC2::1080::Paclitaxel,Paclitaxel,-0.0013614428899917375,-0.05677419354838712,0.0039560001981850945,0.02645161290322582,0.03423305023049772,0.009892473118279541
GDSC2::1083::Crizotinib,Crizotinib,-0.04687450165336693,-0.024680851063829803,-0.020093046639590995,0.004255319148936183,0.021280382729562675,-0.009148936170212778
GDSC2::1084::Rapamycin,Rapamycin,0.040404748540774804,0.003243243243243217,0.02588185715414726,0.00972972972972972,0.0322607525198102,0.010810810810810777
GDSC2::1085::Sorafenib,Sorafenib,-0.05306275867151289,0.012903225806451604,-0.06786895113522218,0.009032258064516165,0.050916226670101095,0.0043010752688172026
GDSC2::1086::BI-2536,BI-2536,-0.08120816463993297,-0.06480446927374299,-0.05141778619246873,0.02256983240223466,0.019823933887019862,0.016983240223463737
GDSC2::1088::Irinotecan,Irinotecan,0.11578734312002226,-0.045319148936170305,-0.0045143242262069005,0.009148936170212757,0.041323682065324885,0.010212765957446777
GDSC2::1089::Oxaliplatin,Oxaliplatin,0.08659311126664582,-0.016382978723404273,0.029987772713695904,0.01659574468085104,0.04446781743505168,0.01021276595744678
GDSC2::1091::BMS-536924,BMS-536924,-0.016431597158021782,-0.017849462365591418,-0.01861388712696943,0.0021505376344085995,0.008982377966465283,-0.0017204301075269164
GDSC2::1093::GSK1904529A,GSK1904529A,0.05301250429702464,-0.023829787234042582,0.03355407271778277,0.004255319148936142,0.010766755081008661,-0.0036170212765957374
GDSC2::1096::Tozasertib,Tozasertib,-0.14650042581996203,-0.09142857142857136,0.04373470013742198,0.03510204081632655,0.09638785142689255,0.02285714285714289
GDSC2::1129::PF-4708671,PF-4708671,0.05302845828892866,-0.017142857142857106,0.06909595870834684,-0.016326530612244858,-0.010883988636388953,-0.03265306122448977
GDSC2::1131::PRIMA-1MET,PRIMA-1MET,0.03562787399262102,-0.00643678160919544,-0.008876010711441396,0.0128735632183908,0.072185889306007,-0.004137931034482775
GDSC2::1133::Serdemetan,Serdemetan,0.02458275171655311,-0.017826086956521707,0.017638170351589988,0.011956521739130456,0.02817129742029767,0.011739130434782662
GDSC2::1149::TW 37,TW 37,-0.04765559695213306,-0.0026666666666666367,0.024781867160268423,0.021333333333333284,0.028824430078088215,0.024000000000000004
GDSC2::1168::Erlotinib,Erlotinib,-0.004752773382960429,-0.0301075268817204,-0.05214397400640758,0.0040860215053763575,0.02105532975612867,-0.021505376344086002
GDSC2::1170::CCT-018159,CCT-018159,0.00601470799901338,-0.050000000000000086,0.12199487056727132,0.02999999999999995,0.0789444724830255,0.019999999999999955
GDSC2::1175::Rucaparib,Rucaparib,0.04151290344677938,-0.007173913043478284,0.024672222164355828,0.009999999999999998,0.02611505637972411,0.003478260869565236
GDSC2::1177::Niraparib,Niraparib,0.00683050936426155,-0.07425287356321841,0.014412687987002348,0.01218390804597698,0.026636173772598415,-0.0202298850574713
GDSC2::1179::MK-1775,MK-1775,-0.02614239326293255,-0.05425531914893621,-0.03645123701650288,0.01893617021276598,0.0433796233963506,0.013829787234042538
GDSC2::1180::Dinaciclib,Dinaciclib,-0.20587043291831186,-0.010404624277456677,-0.18754871336802625,0.01641618497109828,-0.0027500739325772017,0.02104046242774568
GDSC2::1190::Gemcitabine,Gemcitabine,0.04916117713286816,-0.06588235294117653,-0.017880976181499975,0.027379679144385015,0.07196252426222305,0.01967914438502669
GDSC2::1191::Bortezomib,Bortezomib,-0.11016685479123178,0.019784946236559183,-0.12430540665212209,0.006666666666666727,-0.001871080308109896,-0.0015053763440859985
GDSC2::1192::GSK269962A,GSK269962A,-0.2234549436708071,-0.06122448979591838,-0.03591441882444202,-0.012244897959183702,0.025156061742471314,-0.02040816326530616
GDSC2::1194::SB505124,SB505124,0.01856777373608387,-0.034166666666666706,0.10669101045379259,0.019999999999999983,0.06896593990688693,0.01166666666666663
GDSC2::1199::Tamoxifen,Tamoxifen,0.035967856747292304,0.003655913978494598,0.025510892934007545,0.004301075268817218,0.013232521854756873,0.0025806451612902966
GDSC2::1200::Fulvestrant,Fulvestrant,0.02738740949772156,-0.00556149732620316,0.02023791083195481,0.008983957219251382,0.03338824318983091,-0.010909090909090896
GDSC2::1237::EPZ004777,EPZ004777,0.02949176997159153,-0.02148936170212768,0.02154161662787013,-0.00042553191489363984,0.020203488422432025,-0.011914893617021277
GDSC2::1239::YK-4-279,YK-4-279,0.007330455587483797,-0.0406451612903226,-0.002098670184520701,0.029677419354838745,0.035095874819935924,0.026881720430107524
GDSC2::1243::Piperlongumine,Piperlongumine,-0.27319571184205116,-0.115,0.013673148143019453,0.04499999999999996,0.04696271581210998,0.034999999999999976
GDSC2::1248::Daporinad,Daporinad,-0.2044692031724633,0.0,-0.1399540616286603,0.030175438596491203,0.08502606862007722,0.02842105263157895
GDSC2::1249::BMS-345541,BMS-345541,-0.029029413234618495,-0.01780346820809249,-0.009609986886811805,0.0178034682080925,0.021612659176768245,0.002312138728323726
GDSC2::1250::AZ960,AZ960,0.004556433059255793,-0.030520231213872796,0.0026908750593719333,0.01780346820809252,0.031991150449910855,0.004161849710982678
GDSC2::1259::Talazoparib,Talazoparib,0.14673182853486044,-0.02236559139784948,-0.008639632300471156,0.01569892473118282,0.052363466946817816,0.019139784946236558
GDSC2::1268::XAV939,XAV939,0.009343626939300576,-0.0544827586206897,0.034630976742788366,-0.00666666666666664,0.04208688534615934,-0.00827586206896552
GDSC2::1372::Trametinib,Trametinib,0.0012679362020633356,0.00021276595744683727,-0.02273490938195666,0.0182978723404256,0.0465757478208384,0.017659574468085103
GDSC2::1373::Dabrafenib,Dabrafenib,-0.13554418925445288,-0.004301075268817185,-0.06686936197991766,0.03268817204301083,0.020207175174242753,0.030107526881720456
GDSC2::1375::Temozolomide,Temozolomide,0.02131186017508302,0.0008510638297872623,0.004360454486655785,0.01595744680851066,0.0035875342320861314,0.00021276595744681992
GDSC2::1378::Bleomycin (50 uM),Bleomycin (50 uM),0.04055288198623108,-0.030410958904109657,0.028612061622284468,-0.003561643835616503,0.0015351146955113748,-0.017260273972602803
GDSC2::1401::AZD5438,AZD5438,-0.09774575548884945,-0.03748251748251749,-0.03308161175916702,0.03272727272727281,0.03342927897973236,0.04391608391608395
GDSC2::1428::IAP_5620,IAP_5620,-0.45474814802558705,-0.06293706293706294,-0.22488054638217503,-0.0005594405594405369,-0.004172727438979562,0.005594405594405622
GDSC2::1441::AZD2014,AZD2014,-0.015442664139023732,-0.0013986013986013596,-0.006034702231394018,0.025734265734265762,-0.014087922755044557,0.013986013986014043
GDSC2::1449::AZD1208,AZD1208,-0.00955499781843061,-0.04531468531468537,0.0014808483346608892,-2.0816681711721685e-17,-0.0032311691750628313,-0.019580419580419603
GDSC2::1463::AZD1332,AZD1332,0.05520209667671594,0.027412587412587418,0.027117901196597183,0.024895104895104898,0.03937912559357781,0.02237762237762242
GDSC2::1494::SN-38,SN-38,0.11165240088754347,-0.002150537634408603,-0.010580475414188495,0.030537634408602177,0.025395808010899135,0.0150537634408602
GDSC2::1502::Bicalutamide,Bicalutamide,-0.21530041568845992,-0.10500000000000001,0.11859199490877903,0.009999999999999953,-0.05956072047972372,-0.04000000000000004
GDSC2::1507::Ruxolitinib,Ruxolitinib,-0.04437989779194251,-0.03885714285714283,-0.0022422645878357184,0.0068571428571428394,-0.00994073218744207,0.008000000000000042
GDSC2::1510::Linsitinib,Linsitinib,0.007507539424797871,-0.03127659574468089,-0.015255135804537856,0.030425531914893597,0.03511476680126546,0.013829787234042556
GDSC2::1511::Epirubicin,Epirubicin,0.027360933525239606,-0.043655913978494644,-0.008479051773813806,-0.005376344086021497,0.015856341672835228,0.0012903225806451396
GDSC2::1512::Cyclophosphamide,Cyclophosphamide,-0.0035356829945456525,-0.0208602150537635,-0.0008383074880642383,0.008817204301075241,0.025237281360804165,0.002365591397849441
GDSC2::1529::Pevonedistat,Pevonedistat,-0.013244428837284605,-0.06086021505376345,-0.0076116765260323405,0.0030107526881720595,0.03946295681603984,0.0012903225806451604
GDSC2::1549::Sapitinib,Sapitinib,-0.089056861385294,-0.030212765957446847,-0.06944927866786288,0.015744680851063838,0.046280294406509714,0.008085106382978758
GDSC2::1553::Uprosertib,Uprosertib,0.0358709071190102,-0.042988505747126426,0.012178382521699449,0.018620689655172478,0.01293370916096026,0.0018390804597701385
GDSC2::1557::LCL161,LCL161,-0.13211699537582056,-0.013793103448275862,-0.08628732629449476,-0.0066666666666666645,0.0022570358785161115,0.007126436781609178
GDSC2::1558::Lapatinib,Lapatinib,0.010288793966833687,-0.039361702127659576,-0.0160814165222416,0.02382978723404256,0.029326033696208675,0.0031914893617021184
GDSC2::1559::Luminespib,Luminespib,-0.16954953048082544,-0.03404255319148936,-0.0868135311139362,0.03127659574468086,0.014247159739741777,0.020000000000000042
GDSC2::1560::Alpelisib,Alpelisib,-0.012937233240336132,-0.054680851063829805,0.023931833365564925,0.0021276595744680535,-0.001803011856743142,-0.020638297872340464
GDSC2::1561::Taselisib,Taselisib,-0.03278983881667519,-0.06914893617021275,0.003229186176820109,0.02595744680851064,0.03480110612807619,0.009574468085106383
GDSC2::1563::EPZ5676,EPZ5676,-0.04798212013886238,-0.036577540106951904,-0.014452464889718852,0.011550802139037402,-0.0008644040471528225,-0.003422459893048159
GDSC2::1564::SCH772984,SCH772984,0.033205690136840715,-0.033829787234042535,0.029944380537759274,0.007872340425531962,0.04334621788882198,-0.0010638297872340163
GDSC2::1576::IWP-2,IWP-2,0.018219610442446132,-0.002298850574712616,0.03689938274736515,0.02873563218390808,0.035196546426577546,0.021839080459770142
GDSC2::1578::Leflunomide,Leflunomide,-0.012023291203518305,-0.039310344827586254,0.016706854359857193,-6.938893903907228e-18,0.008877154899965323,-0.012873563218390782
GDSC2::1580::GSK2801,GSK2801,0.021949415557726226,-0.039720279720279736,0.027571869523353998,0.0013986013986014255,0.022583129854434558,-0.011748251748251722
GDSC2::1581::Bromosporine,Bromosporine,0.024225282745663712,-0.015104895104895155,0.03345471734548888,0.010629370629370664,-0.012442637877273954,-0.0011188811188811397
GDSC2::1582::SGC-CBP30,SGC-CBP30,0.0030649293371893815,-0.036923076923076885,0.025189142778454743,-0.004755244755244754,0.022201562464476465,-0.012307692307692318
GDSC2::1583::GSK-LSD1,GSK-LSD1,0.011003645819962493,-0.022377622377622357,0.02952112289869313,0.006993006993007027,0.02717724538449051,0.004195804195804204
GDSC2::1584::BDOCA000347a,BDOCA000347a,0.026823151089145236,-0.026013986013986082,0.02473395983507043,0.01006993006993006,0.011268930376292952,-0.0008391608391608817
GDSC2::1585::BDF00022089a,BDF00022089a,0.022502680971384637,-0.0290909090909091,0.02895497836798744,-0.008111888111888139,0.01695553120030091,-0.0206993006993007
GDSC2::1586::BDILV000379a,BDILV000379a,0.02803655514220149,-0.020699300699300684,0.02496370006544435,-0.00475524475524472,0.017445317106820513,-0.01650349650349648
GDSC2::1593::Entinostat,Entinostat,-0.022057832180632397,-0.04160919540229885,0.013943216286962823,0.001609195402298879,0.021570028649758655,-0.004137931034482699
GDSC2::1594::OSI-027,OSI-027,0.027672882734206983,-0.010267379679144446,0.029502970693118913,0.007058823529411739,0.029307010991820093,0.00385026737967914
GDSC2::1598::LGK974,LGK974,0.016981504808187387,-0.039148936170212784,0.0033181320005717385,-0.011702127659574459,0.028351785014943953,-0.02127659574468082
GDSC2::1613::VE-822,VE-822,0.017479536548937302,-0.039310344827586205,0.002970850632561195,0.014942528735632149,0.03800460468216582,0.021839080459770115
GDSC2::1614::WZ4003,WZ4003,0.04467937584004522,0.012413793103448256,0.04108886077984342,0.02781609195402302,0.03784302175456866,0.012873563218390817
GDSC2::1615::CZC24832,CZC24832,0.0278347338650764,-0.031034482758620738,0.028439186140700068,0.00482758620689654,0.014569097906223849,-0.012643678160919561
GDSC2::1617::AZD5582,AZD5582,-0.03753875241665572,0.021052631578947364,-0.0904364100861601,0.06994152046783628,0.06852874462994052,0.021988304093567237
GDSC2::1618::GSK2606414,GSK2606414,0.019519676170057343,-0.009767441860465118,0.00506109049938952,-0.0004651162790697827,0.015445146474215576,-0.027209302325581414
GDSC2::1620::PFI3,PFI3,0.007332682722063444,0.0022988505747126783,0.018575155264062948,0.010344827586206942,-0.005210639533019368,0.0011494252873563635
GDSC2::1621::PCI-34051,PCI-34051,0.01725531334486119,-0.022298850574712682,0.028294588066031245,0.009195402298850595,-0.01886726116920534,-0.025517241379310343
GDSC2::1622::Wnt-C59,Wnt-C59,0.02224185112452326,-0.01655172413793106,0.013492514080078566,-0.0089655172413793,0.006551197807442621,-0.00804597701149424
GDSC2::1624::I-BET-762,I-BET-762,0.032313626787509264,-0.01310344827586208,0.03886084243031784,0.02068965517241386,0.031226905031955354,0.00896551724137936
GDSC2::1625::RVX-208,RVX-208,0.03358104266118733,-0.00045977011494256065,0.04288252236926415,0.009655172413793083,0.024063407564704598,0.015172413793103441
GDSC2::1626::OTX015,OTX015,0.006304228472212792,-0.04137931034482766,0.03019344195684681,0.014022988505747066,-0.0018346749317896816,-0.019540229885057533
GDSC2::1627::GSK343,GSK343,0.032430880299087805,-0.004827586206896557,0.03412864299678686,0.01632183908045976,0.027331094936008826,0.00781609195402298
GDSC2::1629::ML323,ML323,-0.017455848406322305,-0.03745664739884394,0.016859734210871835,0.006242774566474022,0.012973384040306568,-0.001849710982658962
GDSC2::1630::Entospletinib,Entospletinib,-0.018206198017539865,-0.031034482758620696,0.004424609324838347,0.003908045977011481,0.013130802840692235,0.0036781609195402007
GDSC2::1631::PRT062607,PRT062607,0.007864693573337078,0.000919540229885045,0.010605740701674637,0.00735632183908046,0.01290100144347095,0.008045977011494263
GDSC2::1632::Ribociclib,Ribociclib,-0.012247292413762656,-0.027379679144385025,-0.01606387668880238,-0.003208556149732606,-0.007211433520337929,-0.01882352941176472
GDSC2::1634::AGI-6780,AGI-6780,0.025487959735738253,0.006436781609195405,0.034412682992822186,0.022988505747126447,0.0308086717468401,0.030804597701149447
GDSC2::1635::Picolinici-acid,Picolinici-acid,-0.0003552320722077784,-0.012183908045976959,0.013252818924251786,0.02551724137931038,0.00117782113217757,0.014482758620689682
GDSC2::1706::AZD5153,AZD5153,0.0021203596741330433,-0.03832167832167832,0.012409980388282893,0.014545454545454577,0.010806973409970944,0.008391608391608393
GDSC2::1708::CDK9_5576,CDK9_5576,-0.062348546016260276,-0.008951048951048965,-0.07610697757424423,0.00615384615384619,-0.0037803032826908556,0.005034965034965061
GDSC2::1709::CDK9_5038,CDK9_5038,-0.05510632815583594,0.01174825174825176,-0.07476889303924361,0.0103496503496504,0.005394442735673577,0.01594405594405598
GDSC2::1712::Eg5_9814,Eg5_9814,-0.032471161602785514,-0.04475524475524477,-0.006380970753194104,0.014825174825174817,0.022824171556970807,0.01034965034965036
GDSC2::1713::ERK_2440,ERK_2440,0.007032533065712165,-0.04475524475524477,0.028769715236198756,0.005314685314685361,0.02041444492713529,-0.006433566433566403
GDSC2::1714::ERK_6604,ERK_6604,0.004009375434661067,-0.03552447552447554,0.04160969989382979,0.02657342657342658,0.006837419956950086,0.009790209790209822
GDSC2::1716::IRAK4_4710,IRAK4_4710,0.046749435309939136,-0.0212587412587413,0.03640467659184288,-0.0036363636363636216,0.030323456345093147,-0.0044755244755245
GDSC2::1718::JAK1_8709,JAK1_8709,0.06919237941412981,0.008671328671328624,0.07301690419887974,0.04531468531468534,0.05056270856600231,0.015664335664335623
GDSC2::1720::AZD5991,AZD5991,-0.21741854255629134,-0.11244755244755247,-0.07061795199291421,0.036923076923076975,0.05159089388604299,-0.0027972027972027677
GDSC2::1730::PAK_5339,PAK_5339,0.01475775352790265,0.0030769230769230604,0.014816287762892344,0.0027972027972027573,0.014643083696664227,-0.0011188811188811813
GDSC2::1732::TAF1_5496,TAF1_5496,-0.017780523346662802,-0.022937062937062908,-0.016398767276028847,0.03692307692307698,-0.005072346981653597,-0.013146853146853182
GDSC2::1733::ULK1_4989,ULK1_4989,0.08896319038336298,0.005874125874125818,-0.017187177544903953,0.003636363636363535,0.04238197495445739,0.0036363636363635973
GDSC2::1734::VSP34_8731,VSP34_8731,-0.028533891666830957,-0.006713286713286741,-0.04404972082077574,-0.012867132867132897,0.06943516476757505,1.734723475976807e-17
GDSC2::1736::Selumetinib,Selumetinib,-0.04634220541627965,-0.05706293706293705,0.006597545524098303,0.006993006993007058,0.059568100504524546,0.0
GDSC2::1738::IGF1R_3801,IGF1R_3801,0.030841084876920055,-0.05818181818181823,0.04077928949982823,0.029650349650349683,0.0407082491742321,-0.005034965034965054
GDSC2::1739::JAK_8517,JAK_8517,0.0637263105317234,0.005314685314685277,0.04113277135375948,0.03636363636363642,0.05927186721943656,0.0405594405594406
GDSC2::1776::GSK2256098C,GSK2256098C,0.03960588732562664,-0.031048951048951116,0.03378260237082098,0.004195804195804179,0.01645436233680786,-0.017902097902097912
GDSC2::1777::GSK2276186C,GSK2276186C,0.02215380303486958,-0.0302097902097902,0.03279167568044139,0.02041958041958046,0.056315110300253934,0.0016783216783216592
GDSC2::1778::GSK2110183B,GSK2110183B,-0.016352025590931074,-0.05286713286713291,0.011372905425537372,0.019020979020979024,0.027044701599090448,0.004475524475524441
GDSC2::1779::GSK626616AC,GSK626616AC,0.021809634721629445,-0.06545454545454549,0.03540631060240407,0.0050349650349649985,0.057065577575280746,0.0002797202797202372
GDSC2::1780::GSK3337463A,GSK3337463A,0.04485201021969276,-0.040000000000000036,0.05804004451262168,-0.000559440559440582,0.025116375387146173,-0.001678321678321739
GDSC2::1782::GSK2830371A,GSK2830371A,0.07037086788958558,-0.02349650349650352,0.045799131195906284,0.001958041958041938,0.03421913132851451,-0.004755244755244775
GDSC2::1783::LMB_AB1,LMB_AB1,0.06376417591164918,-0.03524475524475526,0.06409911682079916,0.013426573426573439,0.048270907081489955,-0.001118881118881105
GDSC2::1784::LMB_AB2,LMB_AB2,0.04191248472342224,-0.0246153846153846,0.03801438298709425,-0.003916083916083878,0.04490803929032805,-0.004475524475524463
GDSC2::1785::LMB_AB3,LMB_AB3,0.06810592637215573,-0.0310489510489511,0.04946563855304276,0.005874125874125856,0.045602518299588723,-0.014265734265734319
GDSC2::1786::AZD4547,AZD4547,-0.022905544954959778,-0.017112299465240642,-0.020299280745731396,0.001711229946524083,0.03301248489338238,0.007486631016042779
GDSC2::1799::Ibrutinib,Ibrutinib,-0.14193662360927317,-0.003930635838150322,-0.1022443131241999,0.02566473988439308,0.021238712747305488,0.018959537572254336
GDSC2::1802::Zoledronate,Zoledronate,0.003461245310889982,-0.026013986013986003,0.006957242678207631,-0.014545454545454542,0.029518964612174736,-0.021258741258741276
GDSC2::1803::Acetalax,Acetalax,-0.28850300221629444,-0.10209790209790212,-0.09184327791428615,0.008951048951048979,0.047896313864017825,0.003356643356643381
GDSC2::1804::Acetalax,Acetalax,-0.2825297849145376,-0.0629370629370629,-0.11035896456434813,0.02517482517482516,0.06138530243440754,-0.008391608391608393
GDSC2::1806::Oxaliplatin,Oxaliplatin,-0.018134894296080173,-0.11972027972027975,0.05683459962061832,0.0036363636363636424,0.054067966281933,-0.014265734265734336
GDSC2::1808::Topotecan,Topotecan,0.1530161859725181,-0.03104895104895109,0.039593185110492035,0.010069930069930046,0.027427377341481707,-0.011468531468531495
GDSC2::1809::Teniposide,Teniposide,0.06116014278494619,-0.06041958041958047,0.045086666791419816,-5.551115123125783e-17,0.0013150318821124607,-0.009510489510489537
GDSC2::1810::Mitoxantrone,Mitoxantrone,0.10874307362383018,-0.0002797202797202858,0.04574916781562388,0.025454545454545438,0.05053796408333788,0.01706293706293706
GDSC2::1811::Dactinomycin,Dactinomycin,0.018676474649031105,-0.060419580419580406,0.06285979620759163,0.0022377622377622586,0.06155218163117082,0.005594405594405657
GDSC2::1812::Bleomycin,Bleomycin,-0.010895264090912793,-0.015104895104895162,-0.015390428818874868,0.017342657342657355,0.056942571458097335,0.006993006993006954
GDSC2::1813::Fludarabine,Fludarabine,-0.0879621768501917,0.019580419580419554,-0.08882394988056208,0.005314685314685312,0.03226068475605004,0.006433566433566438
GDSC2::1814::Nelarabine,Nelarabine,-0.007778077330176325,-0.008951048951048965,-0.03401193354458365,0.029930069930069917,0.009395061212281508,0.008951048951048979
GDSC2::1815::Dacarbazine,Dacarbazine,0.05329183297460616,-0.0005594405594405993,0.03767830001781158,-0.004755244755244761,0.042690763927044406,-0.008951048951049024
GDSC2::1816::Fulvestrant,Fulvestrant,0.03196974762574989,-0.008111888111888142,0.04501068033547284,0.01118881118881122,0.04972676656112429,0.00587412587412588
GDSC2::1817::Romidepsin,Romidepsin,0.00492847731015722,0.01426573426573428,-0.05297460716317337,0.02181818181818186,0.030693457659339174,0.012307692307692304
GDSC2::1819::Docetaxel,Docetaxel,-0.015321077861951249,-0.06268656716417909,-0.022313190032323238,0.03373134328358213,0.09694580804546638,0.015223880597014926
GDSC2::1820::123829,123829,0.13230062333153314,-0.0030769230769230674,0.0017339953976349687,0.02937062937062942,0.054187011653260564,0.015104895104895162
GDSC2::1821::765771,765771,0.014231835206691468,-0.07356643356643358,0.026256518645943583,0.0016783216783217217,0.06967421258339934,-0.01006993006993008
GDSC2::1824::123138,123138,-0.02101079645895254,-0.04979020979020981,0.03448537006806762,-0.003916083916083918,0.04166026273625412,-0.0044755244755244755
GDSC2::1825::Podophyllotoxin bromide,Podophyllotoxin bromide,-0.03042046447738711,0.013986013986014019,-0.05688911897064197,0.020419580419580457,0.0825039879327012,0.016503496503496536
GDSC2::1826::50869,50869,0.04276413860580641,-0.05566433566433572,0.045070355038748566,0.013146853146853116,0.07587029728530337,0.015384615384615398
GDSC2::1827::Dihydrorotenone,Dihydrorotenone,0.01966933979644203,-0.0083916083916084,0.004394277175855832,0.0193006993006993,0.040583335140329524,0.006433566433566462
GDSC2::1828::720427,720427,0.007064261883577894,-0.03888111888111889,0.038767463286945913,-0.010349650349650321,0.0325402352101436,-0.0262937062937063
GDSC2::1829::667880,667880,0.02601026635999326,-0.009510489510489502,0.025209777845484505,0.0027972027972028024,0.015549890251294052,-0.004195804195804183
GDSC2::1830::Gallibiscoquinazole,Gallibiscoquinazole,0.03302832254949917,-0.0072727272727273334,0.08365259966435712,0.026013986013985985,0.0703606408778703,0.022657342657342625
GDSC2::1831::L-Oxonoreleagnine,L-Oxonoreleagnine,0.012623873725070789,-0.033846153846153845,0.03402983297839568,3.8163916471489756e-17,0.04673652722257993,-0.0019580419580419624
GDSC2::1832::729189,729189,0.05274695967330523,-0.015664335664335668,0.04482901768965619,0.002797202797202799,0.041015327594503104,-0.005314685314685302
GDSC2::1833::741909,741909,-0.07894708737122902,0.0064335664335664206,-0.09883715984303754,0.04727272727272732,0.08099232832283643,0.027972027972028003
GDSC2::1834::743380,743380,-0.08026750374563729,-0.01034965034965038,-0.10470470425858935,0.042517482517482504,0.07633270578057894,0.02853146853146853
GDSC2::1835::Elephantin,Elephantin,0.1103681204656084,0.009230769230769244,0.017658293865685293,0.026573426573426602,0.060702780745875984,0.018181818181818223
GDSC2::1836::150412,150412,-0.013964426788322548,-0.017062937062937038,0.029161081627099072,0.003356643356643301,0.029502269023496064,-1.734723475976807e-17
GDSC2::1838::Sinularin,Sinularin,0.04947401731423473,-0.01146853146853154,0.046738473562016214,0.015664335664335664,0.04953897765081483,0.004475524475524441
GDSC2::1839::615590,615590,0.02470739237439168,-0.014825174825174876,0.04160648915757603,0.011188811188811182,0.05601355415845255,0.0019580419580419416
GDSC2::1840::630600,630600,0.05564178354170224,-0.042237762237762225,0.04473240755052643,0.005594405594405626,0.017765720107860705,0.0002797202797203066
GDSC2::1843::LMP744,LMP744,0.11210902859331862,0.01706293706293701,0.022616874435953616,0.026573426573426557,0.05622101544672775,-0.008951048951048965
GDSC2::1844::776928,776928,-0.2516936079654626,0.04335664335664336,-0.2367294833522322,0.06041958041958045,0.07566053751373492,0.041118881118881144
GDSC2::1845::Schweinfurthin A,Schweinfurthin A,0.05966620380037613,-0.03748251748251752,0.0342680716311865,0.025734265734265762,0.07305643468016387,0.023216783216783242
GDSC2::1847::BEN,BEN,0.15465028221971733,-0.04783216783216782,0.028179815013654075,0.0022377622377622412,0.019929982184575312,-0.02629370629370626
GDSC2::1849::Sabutoclax,Sabutoclax,-0.02845412706945294,-0.05132947976878614,-0.0032973657277584056,0.013410404624277443,-0.010628163096665588,-0.005780346820809273
GDSC2::1852::LY2109761,LY2109761,0.037624065944439566,0.00393063583815028,0.03777614975356869,0.012947976878612703,0.0256333085506546,0.017803468208092442
GDSC2::1853::OF-1,OF-1,0.008647192911222845,-0.03609195402298855,0.036246954501084616,0.02666666666666666,0.02533978037239404,0.012643678160919561
GDSC2::1854::MN-64,MN-64,0.008260948878824559,-0.02114942528735634,0.014039547230920713,0.02413793103448282,0.01584704512192414,0.008965517241379319
GDSC2::1855::KRAS (G12C) Inhibitor-12,KRAS (G12C) Inhibitor-12,-0.017538624525363034,-0.04643678160919544,0.02528379794482105,0.018390804597701142,0.013212133380860358,0.01839080459770116
GDSC2::1862::MG-132,MG-132,0.0066140758504937835,-0.015026455026455037,-0.021973557597528393,-0.007619047619047577,0.06319425518616528,0.0029629629629629416
GDSC2::1866::BDP-00009066,BDP-00009066,-0.05353900790322985,-0.01378378378378378,-0.05637516208214577,-0.016756756756756717,0.04868760518589643,-0.015675675675675682
GDSC2::1873::Buparlisib,Buparlisib,-0.009020010459452,0.0015053763440859985,-0.025932181080837058,0.009247311827957017,0.031083995157086042,0.01526881720430106
GDSC2::1908::Ulixertinib,Ulixertinib,0.001471963541873622,-0.0225806451612903,0.004995602098548213,-0.003440860215053739,0.006143638645975447,-0.0025806451612902827
GDSC2::1909::Venetoclax,Venetoclax,-0.09994321193595246,0.02946236559139788,-0.14586300777947803,0.02946236559139786,0.11485332267064807,0.04172043010752686
GDSC2::1910::ABT737,ABT737,-0.014842688813710536,-0.05225806451612906,-0.025342412040407325,-0.001075268817204298,0.0025954639830889636,-0.02021505376344088
GDSC2::1911::Dactinomycin,Dactinomycin,-0.001489821460239682,-0.04415300546448088,-0.020615874936102285,0.020546448087431703,0.02130246936895719,0.008087431693989101
GDSC2::1912::Afuresertib,Afuresertib,0.03303949756303748,-0.05182795698924736,0.009904323615442578,0.01763440860215052,0.018337932357730624,0.0223655913978494
GDSC2::1913::AGI-5198,AGI-5198,0.03854410859688917,-0.009462365591397858,0.025585756454772346,0.0062365591397849605,0.01966880521009573,-0.0075268817204301
GDSC2::1915::AZD3759,AZD3759,-0.07652322579991955,-0.014893617021276617,-0.06731830576729636,0.03276595744680848,0.03643114534639191,0.0031914893617021323
GDSC2::1916::AZD5363,AZD5363,-0.006431355590958088,-0.047741935483871,0.0032046552351514546,0.023655913978494626,0.024355565374156063,0.009892473118279562
GDSC2::1917::AZD6738,AZD6738,0.04521191327824048,-0.033118279569892474,0.020957769675433502,0.01763440860215058,0.04194029385460962,0.01698924731182796
GDSC2::1918::AZD8186,AZD8186,-0.003420627265989795,-0.03806451612903227,-0.001957410209554311,0.022795698924731163,0.017258038919644836,-0.005161290322580635
GDSC2::1919::Osimertinib,Osimertinib,-0.05064427134499638,-0.01139784946236562,-0.06936824246797113,0.001935483870967765,0.03050237973564207,-0.004301075268817199
GDSC2::1922::Cediranib,Cediranib,-0.04981340957141578,-0.03548387096774192,-0.06543272061965966,-0.005376344086021521,0.029600052542683164,-0.010752688172043001
GDSC2::1924::Ipatasertib,Ipatasertib,-0.04210579768970035,-0.0875268817204301,0.0242968023608523,0.021290322580645206,0.04280196896427868,0.015483870967741925
GDSC2::1925::GDC0810,GDC0810,0.015357479602957635,-0.010752688172043001,0.009377371278334934,-0.0006451612903225178,0.02372108598953937,-0.0062365591397849605
GDSC2::1926::GNE-317,GNE-317,-0.021604623846378956,-0.0026086956521739584,-0.005031235851198801,0.011956521739130423,0.019998622439972635,0.005869565217391244
GDSC2::1927::GSK2578215A,GSK2578215A,0.02611006993507381,0.0004301075268817005,0.018476906501298185,0.020000000000000042,0.02298786839766942,0.009032258064516099
GDSC2::1928::I-BRD9,I-BRD9,0.01581302999632772,-0.029677419354838717,0.041711052346872,0.026881720430107517,0.019834077011315898,0.0047311827956989
GDSC2::1930::Telomerase Inhibitor IX,Telomerase Inhibitor IX,0.03479314364264208,-0.013763440860215088,0.005346930163617536,0.039569892473118234,0.026442478467219033,0.017419354838709634
GDSC2::1931::MIRA-1,MIRA-1,-0.02978033046565076,-0.07595744680851062,0.012575770709432721,0.0006382978723404424,0.003968832843610937,-0.01170212765957446
GDSC2::1932::NVP-ADW742,NVP-ADW742,0.02390610598575238,-0.0038709677419355437,0.011748631071271332,0.018494623655913936,0.0295745295495633,0.013548387096774119
GDSC2::1933::P22077,P22077,0.028175866295794272,-0.010322580645161325,0.026588957011572933,0.01806451612903226,0.016205763137670637,-0.0006451612903226218
GDSC2::1936::Savolitinib,Savolitinib,-0.06051374417167321,0.02537634408602156,-0.05650409718096494,0.0006451612903226045,0.05497247942008254,0.02860215053763446
GDSC2::1939::UMI-77,UMI-77,-0.06534522014011857,0.005405405405405399,-0.06868441336431275,0.015135135135135157,0.036160516270811405,0.014054054054054056
GDSC2::1940::WIKI4,WIKI4,0.011413592509487813,-0.007311827956989255,0.008083727634879745,0.001935483870967765,-0.007247251395852139,-0.021290322580645175
GDSC2::1941::Sepantronium bromide,Sepantronium bromide,-0.01734228245702707,-0.02021505376344087,-0.03704333379143443,0.03612903225806452,0.025515526200384775,0.0193548387096774
GDSC2::1996::MIM1,MIM1,0.0062325836051804195,-0.039189189189189184,0.055887976792440286,0.006756756756756743,0.030828737130174977,-0.004864864864864878
GDSC2::1997::WEHI-539,WEHI-539,-0.028002689116015,-0.03101604278074864,-0.05369248164227347,0.039144385026738004,0.010866769342717353,-0.004278074866310128
GDSC2::1998::BPD-00008900,BPD-00008900,0.0032896083704510026,0.0008108108108108164,-0.002527462221559862,0.01972972972972972,0.028134739973237677,0.010270270270270259
GDSC2::1999::N25720-51-A1,N25720-51-A1,-0.0723795463898016,-0.10648648648648652,0.06436001210312381,0.017567567567567555,0.04907273334232798,0.0035135135135135123
GDSC2::2000::N27922-53-1,N27922-53-1,-1.0192373540718336e-06,-0.007297297297297299,0.012509216175020432,0.013513513513513483,0.008908859991808349,0.00810810810810808
GDSC2::2002::N30652-18-1,N30652-18-1,-0.027441422159343754,-0.017567567567567575,-0.02384165475349076,0.016756756756756756,-0.02487210599843226,-0.005405405405405399
GDSC2::2003::N29087-69-1,N29087-69-1,-0.06422296102311198,-0.02621621621621622,-0.034616438713566344,0.0189189189189189,-0.014231329076622057,0.009459459459459398
GDSC2::2010::HKMTI-1-005,HKMTI-1-005,0.04028309788932649,-0.024864864864864875,0.06069585176067793,0.03378378378378375,0.09394413058067741,0.03054054054054047
GDSC2::2011::ICL-SIRT078,ICL-SIRT078,0.023629175364850763,-0.04513513513513509,0.029669757162028798,0.005945945945945975,0.037299819356680475,0.011351351351351395
GDSC2::2037::GSK343,GSK343,0.05588672532420014,-0.04972972972972967,0.04007609143927904,0.0013513513513513584,0.019623341007150463,-0.013243243243243268
GDSC2::2038::UNC0638,UNC0638,0.050566038065003704,0.0032876712328767307,0.053584490925192796,0.020547945205479486,0.05910641338876288,0.019726027397260287
GDSC2::2039::AGK2,AGK2,0.008942889586275982,-0.001758241758241741,0.023417756691351155,0.012307692307692339,0.02035574332595047,0.01164835164835168
GDSC2::2040::Foretinib,Foretinib,-0.06500276964553797,-0.0021621621621621782,-0.062190313520895435,0.008648648648648661,0.01785713775134634,-0.01405405405405406
GDSC2::2043::BIBR-1532,BIBR-1532,0.028864657830588225,0.018378378378378364,0.01871219935854973,0.016216216216216224,0.026098371139381404,0.002162162162162161
GDSC2::2044::Pyridostatin,Pyridostatin,0.015615044096797481,-0.016216216216216214,0.014580405331512614,0.006486486486486483,0.025066921366912576,0.00216216216216214
GDSC2::2045::AMG-319,AMG-319,-0.022443806870343863,-0.027027027027026997,0.0019628714870234543,3.8163916471489756e-17,0.013627332256315183,-0.0021621621621621227
GDSC2::2046::MK-8776,MK-8776,0.014117160810847684,-0.027027027027027042,0.013297926459755915,0.010810810810810824,0.03008073097553776,0.008648648648648664
GDSC2::2047::Ulixertinib,Ulixertinib,2.6339138115893945e-05,-0.010000000000000005,0.013485869169027165,0.0132432432432433,0.04272023973093564,0.01054054054054058
GDSC2::2048::Vinorelbine,Vinorelbine,-0.054581968448542906,-0.06129032258064519,-0.016696001716206776,0.023655913978494612,0.015015451333793228,0.0010752688172043084
GDSC2::2055::Mycophenolic acid,Mycophenolic acid,-0.05261880925730744,-0.06476190476190472,0.0006847097524229628,0.0182312925170068,-0.03300662120213382,-0.0021768707482993158
GDSC2::2057::Remodelin,Remodelin,0.0035685999753662934,-0.007027027027027066,0.030459885380937024,0.040540540540540536,-0.011906883918966216,0.0010810810810810145
GDSC2::2096::VX-11e,VX-11e,0.04820081225767958,-0.020000000000000018,0.027594528651091466,-0.004946236559139741,0.0186223016756788,0.01591397849462366
GDSC2::2106::Uprosertib,Uprosertib,-0.01121443428083957,-0.06965986394557826,0.05705308450644808,0.02721088435374146,0.042729157602801715,0.009251700680272062
GDSC2::2107::LJI308,LJI308,-0.02604911244932251,-0.023440860215053788,0.011935082863746338,0.022580645161290325,0.0035442988917147034,0.015053763440860228
GDSC2::2109::AZ6102,AZ6102,-0.06636882827668322,-0.0096774193548387,-0.07320995315094492,0.023225806451612915,0.04992676092822301,0.011397849462365613
GDSC2::2110::GSK591,GSK591,0.002531973521253894,-0.02537634408602154,0.020135248306185405,0.0008602150537634357,0.03138193447743132,-0.00021505376344084504
GDSC2::2111::VE821,VE821,0.023428051647655934,-0.05297297297297293,0.019615212036700136,-0.005405405405405343,0.023854687734143232,-0.01621621621621614
GDSC2::2112::VTP-A,VTP-A,0.03241161103967105,0.0019047619047618952,0.03331958793197054,0.022585034013605433,0.03348701550275224,0.0163265306122449
GDSC2::2113::VTP-B,VTP-B,0.02622480071129729,0.0032653061224489424,0.017345817160757004,0.025306122448979562,0.02821842655249429,0.02721088435374146
GDSC2::2145::PBD-288,PBD-288,-0.1539533906832382,-0.014864864864864873,-0.06107532272727312,0.029459459459459467,0.0321931824848003,0.016756756756756815
GDSC2::2148::POMHEX,POMHEX,-0.08845316067909947,-0.05108108108108109,-0.04213854068158818,0.023783783783783798,0.07687093751234042,0.014324324324324317
GDSC2::2149::CT7033-2,CT7033-2,-0.2185839867804238,-0.06621621621621623,-0.05559858425294584,0.01270270270270268,0.026835518446990392,0.005945945945945941
GDSC2::2154::GSK-LSD1-2HCl,GSK-LSD1-2HCl ,-0.020119593458718166,-0.023513513513513544,0.022627371287721187,0.015675675675675623,0.008027099884963862,-0.01675675675675673
GDSC2::2156::5-azacytidine,5-azacytidine,-0.030498802781467216,-0.09459459459459459,0.00956641026176186,0.005675675675675718,0.01755296622826874,-0.016486486486486446
GDSC2::2157::A-366,A-366,-0.08353726875731327,-0.06459459459459457,0.026470054718453984,-0.0021621621621621574,-0.0033905191728220707,-0.01135135135135136
GDSC2::2158::CPI-637,CPI-637,-0.03689611860710995,-0.08351351351351353,0.04271386152961543,0.004054054054054068,0.030348257567418546,-0.015945945945945943
GDSC2::2159::UNC0379,UNC0379,-0.04358244782653142,-0.04756756756756756,0.0140708521025672,0.019729729729729695,0.020298566427788378,0.007567567567567594
GDSC2::2169::AZD6482,AZD6482,-0.14067769373703265,-0.1191666666666667,0.0767801031738451,0.0341666666666667,-0.0014275261496843328,-0.022500000000000006
GDSC2::2170::AT13148,AT13148,0.04461897474738419,-0.03333333333333332,0.032711831691636384,0.004946236559139797,0.033112431040114076,0.0004301075268817803
GDSC2::2171::BMS-754807,BMS-754807,-0.0410194614062489,-0.0627027027027027,-0.007806688975325882,0.016216216216216262,0.009235270865707745,0.006486486486486521
GDSC2::2172::JQ1,JQ1,0.024629965270515086,-0.050810810810810826,0.013409168145064099,-0.0010810810810810978,0.02601726177253072,-0.010810810810810825
GDSC2::2173::PFI-1,PFI-1,0.04998854994297974,-0.04065217391304352,0.0496766165578022,0.017391304347826,0.019439900209151872,-0.013260869565217458
GDSC2::2174::IOX2,IOX2,-0.03432647933819588,-0.03999999999999994,0.07021965634853222,0.005000000000000032,-0.028100280132597577,-0.034999999999999934
GDSC2::2175::CHIR-99021,CHIR-99021,0.065206091082465,0.025,0.1170916585892936,0.03499999999999998,0.09858037693833577,0.03
GDSC2::2177::SGC0946,SGC0946,-0.008043413388373333,-0.030869565217391325,0.017911915264373857,-0.007826086956521715,0.01858973201393499,-0.0004347826086956823
GDSC2::2359::GSK2830371,GSK2830371,-0.035957898642368535,-0.04246575342465754,0.0011915675315472551,-0.0030136986301369587,0.00764021523190328,-0.0032876712328766614
GDSC2::2360::THR-101,THR-101,-0.005735916106754502,-0.0183561643835617,0.006214756985310377,0.0013698630136986245,0.0011936046433285163,-0.010410958904109594
GDSC2::2361::THR-102,THR-102,0.02668540560558541,-0.0027397260273972768,0.031238263877208627,0.01726027397260278,0.01796897458118263,0.013424657534246601
GDSC2::2362::THR-103,THR-103,0.0067323378803823,-0.055890410958904124,0.03774242472819145,0.018082191780821898,0.029853068647571757,-0.005205479452054802
GDSC2::2438::ascorbate (vitamin C),ascorbate (vitamin C),-0.015217598608618044,0.008219178082191789,-0.015022388369861694,0.030958904109589052,-0.024754769836597523,0.006301369863013752
GDSC2::2439::glutathione,glutathione,0.0023502224890534773,-0.007945205479452058,0.012240725960189991,0.012328767123287666,0.006417060828908028,0.004109589041095887
GDSC2::2498::alpha-lipoic acid,alpha-lipoic acid,-0.010402438058744856,-0.05931972789115646,0.009629726480878453,-0.00816326530612246,0.001297161812662262,-0.007619047619047661
GDSC2::2499::N-acetyl cysteine,N-acetyl cysteine,0.012084767193882628,-0.013877551020408219,0.0182953347968553,-0.008979591836734704,0.008842044379149705,0.00027210884353734074
