path,drug_name,analysis_id,source,drug_id,analysis_unit,n_matched,response_sd,eligible
/Users/mycomputer/Documents/New project/real_app_gdsc/data/processed/gdsc_gdsc2_1862_mg_132.npz,MG-132,GDSC2::1862::MG-132,GDSC2,1862,source_drug,941,0.7245046410336559,True
/Users/mycomputer/Documents/New project/real_app_gdsc/data/processed/gdsc_gdsc2_1060_pd0325901.npz,PD0325901,GDSC2::1060::PD0325901,GDSC2,1060,source_drug,940,2.136987196963584,True
/Users/mycomputer/Documents/New project/real_app_gdsc/data/processed/gdsc_gdsc2_1003_camptothecin.npz,Camptothecin,GDSC2::1003::Camptothecin,GDSC2,1003,source_drug,940,1.8358213283348939,True
/Users/mycomputer/Documents/New project/real_app_gdsc/data/processed/gdsc_gdsc2_1047_nutlin_3a.npz,Nutlin-3a (-),GDSC2::1047::Nutlin-3a (-),GDSC2,1047,source_drug,940,1.7898211130651358,True
/Users/mycomputer/Documents/New project/real_app_gdsc/data/processed/gdsc_gdsc2_1073_5_fluorouracil.npz,5-Fluorouracil,GDSC2::1073::5-Fluorouracil,GDSC2,1073,source_drug,940,1.7160514766472568,True
/Users/mycomputer/Documents/New project/real_app_gdsc/data/processed/gdsc_gdsc2_1054_palbociclib.npz,Palbociclib,GDSC2::1054::Palbociclib,GDSC2,1054,source_drug,940,1.5676982363707803,True
/Users/mycomputer/Documents/New project/real_app_gdsc/data/processed/gdsc_gdsc2_1053_mk_2206.npz,MK-2206,GDSC2::1053::MK-2206,GDSC2,1053,source_drug,940,1.4778207611228498,True
/Users/mycomputer/Documents/New project/real_app_gdsc/data/processed/gdsc_gdsc2_1034_staurosporine.npz,Staurosporine,GDSC2::1034::Staurosporine,GDSC2,1034,source_drug,940,1.3805624210029146,True
/Users/mycomputer/Documents/New project/real_app_gdsc/data/processed/gdsc_gdsc2_1011_navitoclax.npz,Navitoclax,GDSC2::1011::Navitoclax,GDSC2,1011,source_drug,939,1.9965128064284592,True
/Users/mycomputer/Documents/New project/real_app_gdsc/data/processed/gdsc_gdsc2_1089_oxaliplatin.npz,Oxaliplatin,GDSC2::1089::Oxaliplatin,GDSC2,1089,source_drug,939,1.738589907126022,True
/Users/mycomputer/Documents/New project/real_app_gdsc/data/processed/gdsc_gdsc2_1007_docetaxel.npz,Docetaxel,GDSC2::1007::Docetaxel,GDSC2,1007,source_drug,939,1.5677843938404619,True
/Users/mycomputer/Documents/New project/real_app_gdsc/data/processed/gdsc_gdsc2_1179_mk_1775.npz,MK-1775,GDSC2::1179::MK-1775,GDSC2,1179,source_drug,939,1.4100361044708263,True
/Users/mycomputer/Documents/New project/real_app_gdsc/data/processed/gdsc_gdsc2_1049_pd173074.npz,PD173074,GDSC2::1049::PD173074,GDSC2,1049,source_drug,939,1.406221404032205,True
/Users/mycomputer/Documents/New project/real_app_gdsc/data/processed/gdsc_gdsc2_1510_linsitinib.npz,Linsitinib,GDSC2::1510::Linsitinib,GDSC2,1510,source_drug,939,1.314093641488446,True
/Users/mycomputer/Documents/New project/real_app_gdsc/data/processed/gdsc_gdsc2_1017_olaparib.npz,Olaparib,GDSC2::1017::Olaparib,GDSC2,1017,source_drug,939,1.2834468338646223,True
/Users/mycomputer/Documents/New project/real_app_gdsc/data/processed/gdsc_gdsc2_1058_pictilisib.npz,Pictilisib,GDSC2::1058::Pictilisib,GDSC2,1058,source_drug,939,1.259382609811062,True
/Users/mycomputer/Documents/New project/real_app_gdsc/data/processed/gdsc_gdsc2_1372_trametinib.npz,Trametinib,GDSC2::1372::Trametinib,GDSC2,1372,source_drug,938,2.2600360968025934,True
/Users/mycomputer/Documents/New project/real_app_gdsc/data/processed/gdsc_gdsc2_1549_sapitinib.npz,Sapitinib,GDSC2::1549::Sapitinib,GDSC2,1549,source_drug,938,1.7586531140633346,True
/Users/mycomputer/Documents/New project/real_app_gdsc/data/processed/gdsc_gdsc2_1561_taselisib.npz,Taselisib,GDSC2::1561::Taselisib,GDSC2,1561,source_drug,938,1.6932309690084106,True
/Users/mycomputer/Documents/New project/real_app_gdsc/data/processed/gdsc_gdsc2_1558_lapatinib.npz,Lapatinib,GDSC2::1558::Lapatinib,GDSC2,1558,source_drug,938,1.572391220142181,True
/Users/mycomputer/Documents/New project/real_app_gdsc/data/processed/gdsc_gdsc2_1083_crizotinib.npz,Crizotinib,GDSC2::1083::Crizotinib,GDSC2,1083,source_drug,938,1.5099056512683136,True
/Users/mycomputer/Documents/New project/real_app_gdsc/data/processed/gdsc_gdsc2_1032_afatinib.npz,Afatinib,GDSC2::1032::Afatinib,GDSC2,1032,source_drug,938,1.4397850568721895,True
/Users/mycomputer/Documents/New project/real_app_gdsc/data/processed/gdsc_gdsc2_1375_temozolomide.npz,Temozolomide,GDSC2::1375::Temozolomide,GDSC2,1375,source_drug,938,1.2998029207138844,True
/Users/mycomputer/Documents/New project/real_app_gdsc/data/processed/gdsc_gdsc2_1931_mira_1.npz,MIRA-1,GDSC2::1931::MIRA-1,GDSC2,1931,source_drug,938,1.2338237211548784,True
/Users/mycomputer/Documents/New project/real_app_gdsc/data/processed/gdsc_gdsc2_1915_azd3759.npz,AZD3759,GDSC2::1915::AZD3759,GDSC2,1915,source_drug,938,1.0744669259350803,True
/Users/mycomputer/Documents/New project/real_app_gdsc/data/processed/gdsc_gdsc2_1088_irinotecan.npz,Irinotecan,GDSC2::1088::Irinotecan,GDSC2,1088,source_drug,937,1.9284280365398694,True
/Users/mycomputer/Documents/New project/real_app_gdsc/data/processed/gdsc_gdsc2_1560_alpelisib.npz,Alpelisib,GDSC2::1560::Alpelisib,GDSC2,1560,source_drug,937,1.3597275221141811,True
/Users/mycomputer/Documents/New project/real_app_gdsc/data/processed/gdsc_gdsc2_1093_gsk1904529a.npz,GSK1904529A,GDSC2::1093::GSK1904529A,GDSC2,1093,source_drug,937,1.0890714034279134,True
/Users/mycomputer/Documents/New project/real_app_gdsc/data/processed/gdsc_gdsc2_1237_epz004777.npz,EPZ004777,GDSC2::1237::EPZ004777,GDSC2,1237,source_drug,937,0.9591899283400088,True
/Users/mycomputer/Documents/New project/real_app_gdsc/data/processed/gdsc_gdsc2_1559_luminespib.npz,Luminespib,GDSC2::1559::Luminespib,GDSC2,1559,source_drug,936,1.8166447689300242,True
/Users/mycomputer/Documents/New project/real_app_gdsc/data/processed/gdsc_gdsc2_1564_sch772984.npz,SCH772984,GDSC2::1564::SCH772984,GDSC2,1564,source_drug,936,1.7964414292927284,True
/Users/mycomputer/Documents/New project/real_app_gdsc/data/processed/gdsc_gdsc2_1598_lgk974.npz,LGK974,GDSC2::1598::LGK974,GDSC2,1598,source_drug,936,1.1056152121628515,True
/Users/mycomputer/Documents/New project/real_app_gdsc/data/processed/gdsc_gdsc2_1200_fulvestrant.npz,Fulvestrant,GDSC2::1200::Fulvestrant,GDSC2,1200,source_drug,935,0.8973817942815969,True
/Users/mycomputer/Documents/New project/real_app_gdsc/data/processed/gdsc_gdsc2_1079_dasatinib.npz,Dasatinib,GDSC2::1079::Dasatinib,GDSC2,1079,source_drug,934,2.3140235206144406,True
/Users/mycomputer/Documents/New project/real_app_gdsc/data/processed/gdsc_gdsc2_1997_wehi_539.npz,WEHI-539,GDSC2::1997::WEHI-539,GDSC2,1997,source_drug,934,1.7026014288382656,True
/Users/mycomputer/Documents/New project/real_app_gdsc/data/processed/gdsc_gdsc2_1563_epz5676.npz,EPZ5676,GDSC2::1563::EPZ5676,GDSC2,1563,source_drug,934,0.985515015088774,True
/Users/mycomputer/Documents/New project/real_app_gdsc/data/processed/gdsc_gdsc2_1190_gemcitabine.npz,Gemcitabine,GDSC2::1190::Gemcitabine,GDSC2,1190,source_drug,933,3.0101268238769205,True
/Users/mycomputer/Documents/New project/real_app_gdsc/data/processed/gdsc_gdsc2_1021_axitinib.npz,Axitinib,GDSC2::1021::Axitinib,GDSC2,1021,source_drug,933,1.6742585148296674,True
/Users/mycomputer/Documents/New project/real_app_gdsc/data/processed/gdsc_gdsc2_1022_azd7762.npz,AZD7762,GDSC2::1022::AZD7762,GDSC2,1022,source_drug,933,1.5283445245313336,True
/Users/mycomputer/Documents/New project/real_app_gdsc/data/processed/gdsc_gdsc2_1036_plx_4720.npz,PLX-4720,GDSC2::1036::PLX-4720,GDSC2,1036,source_drug,933,1.4669445452101877,True
/Users/mycomputer/Documents/New project/real_app_gdsc/data/processed/gdsc_gdsc2_1594_osi_027.npz,OSI-027,GDSC2::1594::OSI-027,GDSC2,1594,source_drug,932,1.4816365746980933,True
/Users/mycomputer/Documents/New project/real_app_gdsc/data/processed/gdsc_gdsc2_1786_azd4547.npz,AZD4547,GDSC2::1786::AZD4547,GDSC2,1786,source_drug,931,1.495711177335159,True
/Users/mycomputer/Documents/New project/real_app_gdsc/data/processed/gdsc_gdsc2_1632_ribociclib.npz,Ribociclib,GDSC2::1632::Ribociclib,GDSC2,1632,source_drug,931,1.1533250172394094,True
/Users/mycomputer/Documents/New project/real_app_gdsc/data/processed/gdsc_gdsc2_1012_vorinostat.npz,Vorinostat,GDSC2::1012::Vorinostat,GDSC2,1012,source_drug,931,1.090951231391975,True
/Users/mycomputer/Documents/New project/real_app_gdsc/data/processed/gdsc_gdsc2_1494_sn_38.npz,SN-38,GDSC2::1494::SN-38,GDSC2,1494,source_drug,930,2.0225396600067858,True
/Users/mycomputer/Documents/New project/real_app_gdsc/data/processed/gdsc_gdsc2_1909_venetoclax.npz,Venetoclax,GDSC2::1909::Venetoclax,GDSC2,1909,source_drug,930,1.901945914032885,True
/Users/mycomputer/Documents/New project/real_app_gdsc/data/processed/gdsc_gdsc2_1080_paclitaxel.npz,Paclitaxel,GDSC2::1080::Paclitaxel,GDSC2,1080,source_drug,930,1.7545249615443848,True
/Users/mycomputer/Documents/New project/real_app_gdsc/data/processed/gdsc_gdsc2_1239_yk_4_279.npz,YK-4-279,GDSC2::1239::YK-4-279,GDSC2,1239,source_drug,930,1.652565793928669,True
/Users/mycomputer/Documents/New project/real_app_gdsc/data/processed/gdsc_gdsc2_1511_epirubicin.npz,Epirubicin,GDSC2::1511::Epirubicin,GDSC2,1511,source_drug,930,1.6339164342051786,True
/Users/mycomputer/Documents/New project/real_app_gdsc/data/processed/gdsc_gdsc2_1941_sepantronium_bromide.npz,Sepantronium bromide,GDSC2::1941::Sepantronium bromide,GDSC2,1941,source_drug,930,1.626697593368907,True
/Users/mycomputer/Documents/New project/real_app_gdsc/data/processed/gdsc_gdsc2_1933_p22077.npz,P22077,GDSC2::1933::P22077,GDSC2,1933,source_drug,930,1.502223592965477,True
/Users/mycomputer/Documents/New project/real_app_gdsc/data/processed/gdsc_gdsc2_1932_nvp_adw742.npz,NVP-ADW742,GDSC2::1932::NVP-ADW742,GDSC2,1932,source_drug,930,1.4681807514204055,True
/Users/mycomputer/Documents/New project/real_app_gdsc/data/processed/gdsc_gdsc2_1917_azd6738.npz,AZD6738,GDSC2::1917::AZD6738,GDSC2,1917,source_drug,930,1.4660019561176787,True
/Users/mycomputer/Documents/New project/real_app_gdsc/data/processed/gdsc_gdsc2_1924_ipatasertib.npz,Ipatasertib,GDSC2::1924::Ipatasertib,GDSC2,1924,source_drug,930,1.4520328328410042,True
/Users/mycomputer/Documents/New project/real_app_gdsc/data/processed/gdsc_gdsc2_1916_azd5363.npz,AZD5363,GDSC2::1916::AZD5363,GDSC2,1916,source_drug,930,1.440421413581424,True
/Users/mycomputer/Documents/New project/real_app_gdsc/data/processed/gdsc_gdsc2_1057_dactolisib.npz,Dactolisib,GDSC2::1057::Dactolisib,GDSC2,1057,source_drug,930,1.4270413665885553,True
/Users/mycomputer/Documents/New project/real_app_gdsc/data/processed/gdsc_gdsc2_1908_ulixertinib.npz,Ulixertinib,GDSC2::1908::Ulixertinib,GDSC2,1908,source_drug,930,1.4183127562468387,True
/Users/mycomputer/Documents/New project/real_app_gdsc/data/processed/gdsc_gdsc2_1918_azd8186.npz,AZD8186,GDSC2::1918::AZD8186,GDSC2,1918,source_drug,930,1.3863049671150616,True
/Users/mycomputer/Documents/New project/real_app_gdsc/data/processed/gdsc_gdsc2_1091_bms_536924.npz,BMS-536924,GDSC2::1091::BMS-536924,GDSC2,1091,source_drug,930,1.3770250104447712,True
/Users/mycomputer/Documents/New project/real_app_gdsc/data/processed/gdsc_gdsc2_1928_i_brd9.npz,I-BRD9,GDSC2::1928::I-BRD9,GDSC2,1928,source_drug,930,1.2721266865618637,True
/Users/mycomputer/Documents/New project/real_app_gdsc/data/processed/gdsc_gdsc2_1930_telomerase_inhibitor_ix.npz,Telomerase Inhibitor IX,GDSC2::1930::Telomerase Inhibitor IX,GDSC2,1930,source_drug,930,1.2373949257203218,True
/Users/mycomputer/Documents/New project/real_app_gdsc/data/processed/gdsc_gdsc2_1085_sorafenib.npz,Sorafenib,GDSC2::1085::Sorafenib,GDSC2,1085,source_drug,930,1.2238774016732927,True
/Users/mycomputer/Documents/New project/real_app_gdsc/data/processed/gdsc_gdsc2_1922_cediranib.npz,Cediranib,GDSC2::1922::Cediranib,GDSC2,1922,source_drug,930,1.2022298675805094,True
/Users/mycomputer/Documents/New project/real_app_gdsc/data/processed/gdsc_gdsc2_1010_gefitinib.npz,Gefitinib,GDSC2::1010::Gefitinib,GDSC2,1010,source_drug,930,1.1989320956736098,True
/Users/mycomputer/Documents/New project/real_app_gdsc/data/processed/gdsc_gdsc2_1927_gsk2578215a.npz,GSK2578215A,GDSC2::1927::GSK2578215A,GDSC2,1927,source_drug,930,0.960703832943914,True
/Users/mycomputer/Documents/New project/real_app_gdsc/data/processed/gdsc_gdsc2_1873_buparlisib.npz,Buparlisib,GDSC2::1873::Buparlisib,GDSC2,1873,source_drug,930,0.9430298913857266,True
/Users/mycomputer/Documents/New project/real_app_gdsc/data/processed/gdsc_gdsc2_1925_gdc0810.npz,GDC0810,GDSC2::1925::GDC0810,GDSC2,1925,source_drug,930,0.9399244029699124,True
/Users/mycomputer/Documents/New project/real_app_gdsc/data/processed/gdsc_gdsc2_1913_agi_5198.npz,AGI-5198,GDSC2::1913::AGI-5198,GDSC2,1913,source_drug,930,0.9057223177855778,True
/Users/mycomputer/Documents/New project/real_app_gdsc/data/processed/gdsc_gdsc2_1910_abt737.npz,ABT737,GDSC2::1910::ABT737,GDSC2,1910,source_drug,929,2.055933711404334,True
/Users/mycomputer/Documents/New project/real_app_gdsc/data/processed/gdsc_gdsc2_1046_wee1_inhibitor.npz,Wee1 Inhibitor,GDSC2::1046::Wee1 Inhibitor,GDSC2,1046,source_drug,929,1.5357002221639677,True
/Users/mycomputer/Documents/New project/real_app_gdsc/data/processed/gdsc_gdsc2_1912_afuresertib.npz,Afuresertib,GDSC2::1912::Afuresertib,GDSC2,1912,source_drug,929,1.471861373881236,True
/Users/mycomputer/Documents/New project/real_app_gdsc/data/processed/gdsc_gdsc2_1919_osimertinib.npz,Osimertinib,GDSC2::1919::Osimertinib,GDSC2,1919,source_drug,929,1.270077922404601,True
/Users/mycomputer/Documents/New project/real_app_gdsc/data/processed/gdsc_gdsc2_1199_tamoxifen.npz,Tamoxifen,GDSC2::1199::Tamoxifen,GDSC2,1199,source_drug,929,1.2183077742191382,True
/Users/mycomputer/Documents/New project/real_app_gdsc/data/processed/gdsc_gdsc2_1936_savolitinib.npz,Savolitinib,GDSC2::1936::Savolitinib,GDSC2,1936,source_drug,929,1.1910996160562135,True
/Users/mycomputer/Documents/New project/real_app_gdsc/data/processed/gdsc_gdsc2_1191_bortezomib.npz,Bortezomib,GDSC2::1191::Bortezomib,GDSC2,1191,source_drug,929,1.0739325722605935,True
/Users/mycomputer/Documents/New project/real_app_gdsc/data/processed/gdsc_gdsc2_1940_wiki4.npz,WIKI4,GDSC2::1940::WIKI4,GDSC2,1940,source_drug,929,0.9640353507817646,True
/Users/mycomputer/Documents/New project/real_app_gdsc/data/processed/gdsc_gdsc2_1512_cyclophosphamide.npz,Cyclophosphamide,GDSC2::1512::Cyclophosphamide,GDSC2,1512,source_drug,929,0.8833739362869284,True
/Users/mycomputer/Documents/New project/real_app_gdsc/data/processed/gdsc_gdsc2_1259_talazoparib.npz,Talazoparib,GDSC2::1259::Talazoparib,GDSC2,1259,source_drug,928,2.1877643540967426,True
/Users/mycomputer/Documents/New project/real_app_gdsc/data/processed/gdsc_gdsc2_1529_pevonedistat.npz,Pevonedistat,GDSC2::1529::Pevonedistat,GDSC2,1529,source_drug,928,2.149795445245421,True
/Users/mycomputer/Documents/New project/real_app_gdsc/data/processed/gdsc_gdsc2_2048_vinorelbine.npz,Vinorelbine,GDSC2::2048::Vinorelbine,GDSC2,2048,source_drug,928,2.110462756978587,True
/Users/mycomputer/Documents/New project/real_app_gdsc/data/processed/gdsc_gdsc2_1168_erlotinib.npz,Erlotinib,GDSC2::1168::Erlotinib,GDSC2,1168,source_drug,928,1.3526701551853628,True
/Users/mycomputer/Documents/New project/real_app_gdsc/data/processed/gdsc_gdsc2_1025_sb216763.npz,SB216763,GDSC2::1025::SB216763,GDSC2,1025,source_drug,928,1.0261946863525897,True
/Users/mycomputer/Documents/New project/real_app_gdsc/data/processed/gdsc_gdsc2_1052_ro_3306.npz,RO-3306,GDSC2::1052::RO-3306,GDSC2,1052,source_drug,927,1.6175509834486457,True
/Users/mycomputer/Documents/New project/real_app_gdsc/data/processed/gdsc_gdsc2_1013_nilotinib.npz,Nilotinib,GDSC2::1013::Nilotinib,GDSC2,1013,source_drug,927,1.556061556354774,True
/Users/mycomputer/Documents/New project/real_app_gdsc/data/processed/gdsc_gdsc2_1042_doramapimod.npz,Doramapimod,GDSC2::1042::Doramapimod,GDSC2,1042,source_drug,927,1.1696939995403992,True
/Users/mycomputer/Documents/New project/real_app_gdsc/data/processed/gdsc_gdsc2_2109_az6102.npz,AZ6102,GDSC2::2109::AZ6102,GDSC2,2109,source_drug,927,1.1339427173473773,True
/Users/mycomputer/Documents/New project/real_app_gdsc/data/processed/gdsc_gdsc2_1030_ku_55933.npz,KU-55933,GDSC2::1030::KU-55933,GDSC2,1030,source_drug,927,1.1218880852598325,True
/Users/mycomputer/Documents/New project/real_app_gdsc/data/processed/gdsc_gdsc2_1373_dabrafenib.npz,Dabrafenib,GDSC2::1373::Dabrafenib,GDSC2,1373,source_drug,926,1.84965042668875,True
/Users/mycomputer/Documents/New project/real_app_gdsc/data/processed/gdsc_gdsc2_2170_at13148.npz,AT13148,GDSC2::2170::AT13148,GDSC2,2170,source_drug,926,1.611534480176304,True
/Users/mycomputer/Documents/New project/real_app_gdsc/data/processed/gdsc_gdsc2_2096_vx_11e.npz,VX-11e,GDSC2::2096::VX-11e,GDSC2,2096,source_drug,926,1.415920400681514,True
/Users/mycomputer/Documents/New project/real_app_gdsc/data/processed/gdsc_gdsc2_2110_gsk591.npz,GSK591,GDSC2::2110::GSK591,GDSC2,2110,source_drug,926,1.2112237541372324,True
/Users/mycomputer/Documents/New project/real_app_gdsc/data/processed/gdsc_gdsc2_2107_lji308.npz,LJI308,GDSC2::2107::LJI308,GDSC2,2107,source_drug,926,1.073926223960055,True
/Users/mycomputer/Documents/New project/real_app_gdsc/data/processed/gdsc_gdsc2_1072_avagacestat.npz,Avagacestat,GDSC2::1072::Avagacestat,GDSC2,1072,source_drug,926,1.0590879681799121,True
/Users/mycomputer/Documents/New project/real_app_gdsc/data/processed/gdsc_gdsc2_2040_foretinib.npz,Foretinib,GDSC2::2040::Foretinib,GDSC2,2040,source_drug,925,1.372969644795061,True
/Users/mycomputer/Documents/New project/real_app_gdsc/data/processed/gdsc_gdsc2_1023_gw441756.npz,GW441756,GDSC2::1023::GW441756,GDSC2,1023,source_drug,925,0.9234910322703613,True
/Users/mycomputer/Documents/New project/real_app_gdsc/data/processed/gdsc_gdsc2_2046_mk_8776.npz,MK-8776,GDSC2::2046::MK-8776,GDSC2,2046,source_drug,924,1.6592862420707934,True
/Users/mycomputer/Documents/New project/real_app_gdsc/data/processed/gdsc_gdsc2_2111_ve821.npz,VE821,GDSC2::2111::VE821,GDSC2,2111,source_drug,924,1.5761592620188212,True
/Users/mycomputer/Documents/New project/real_app_gdsc/data/processed/gdsc_gdsc2_2043_bibr_1532.npz,BIBR-1532,GDSC2::2043::BIBR-1532,GDSC2,2043,source_drug,924,1.0099937481498857,True
/Users/mycomputer/Documents/New project/real_app_gdsc/data/processed/gdsc_gdsc2_2044_pyridostatin.npz,Pyridostatin,GDSC2::2044::Pyridostatin,GDSC2,2044,source_drug,923,1.3049467787139852,True
/Users/mycomputer/Documents/New project/real_app_gdsc/data/processed/gdsc_gdsc2_1043_jnk_inhibitor_viii.npz,JNK Inhibitor VIII,GDSC2::1043::JNK Inhibitor VIII,GDSC2,1043,source_drug,923,0.9547340077782432,True
/Users/mycomputer/Documents/New project/real_app_gdsc/data/processed/gdsc_gdsc2_1084_rapamycin.npz,Rapamycin,GDSC2::1084::Rapamycin,GDSC2,1084,source_drug,922,1.5616099023429277,True
/Users/mycomputer/Documents/New project/real_app_gdsc/data/processed/gdsc_gdsc2_2045_amg_319.npz,AMG-319,GDSC2::2045::AMG-319,GDSC2,2045,source_drug,922,1.1757234562573855,True
/Users/mycomputer/Documents/New project/real_app_gdsc/data/processed/gdsc_gdsc2_1051_alisertib.npz,Alisertib,GDSC2::1051::Alisertib,GDSC2,1051,source_drug,921,2.2724857276634074,True
/Users/mycomputer/Documents/New project/real_app_gdsc/data/processed/gdsc_gdsc2_2171_bms_754807.npz,BMS-754807,GDSC2::2171::BMS-754807,GDSC2,2171,source_drug,921,1.9799905187122901,True
/Users/mycomputer/Documents/New project/real_app_gdsc/data/processed/gdsc_gdsc2_2172_jq1.npz,JQ1,GDSC2::2172::JQ1,GDSC2,2172,source_drug,921,1.9594286823789984,True
/Users/mycomputer/Documents/New project/real_app_gdsc/data/processed/gdsc_gdsc2_1062_selumetinib.npz,Selumetinib,GDSC2::1062::Selumetinib,GDSC2,1062,source_drug,921,1.740705386917946,True
/Users/mycomputer/Documents/New project/real_app_gdsc/data/processed/gdsc_gdsc2_1026_tanespimycin.npz,Tanespimycin,GDSC2::1026::Tanespimycin,GDSC2,1026,source_drug,921,1.5897638758228123,True
/Users/mycomputer/Documents/New project/real_app_gdsc/data/processed/gdsc_gdsc2_1019_bosutinib.npz,Bosutinib,GDSC2::1019::Bosutinib,GDSC2,1019,source_drug,921,1.533146689534131,True
/Users/mycomputer/Documents/New project/real_app_gdsc/data/processed/gdsc_gdsc2_1029_motesanib.npz,Motesanib,GDSC2::1029::Motesanib,GDSC2,1029,source_drug,921,1.1299365443009273,True
/Users/mycomputer/Documents/New project/real_app_gdsc/data/processed/gdsc_gdsc2_1020_lenalidomide.npz,Lenalidomide,GDSC2::1020::Lenalidomide,GDSC2,1020,source_drug,921,1.0687693220352814,True
/Users/mycomputer/Documents/New project/real_app_gdsc/data/processed/gdsc_gdsc2_1033_vismodegib.npz,Vismodegib,GDSC2::1033::Vismodegib,GDSC2,1033,source_drug,921,0.9814976591051338,True
/Users/mycomputer/Documents/New project/real_app_gdsc/data/processed/gdsc_gdsc2_1018_veliparib.npz,Veliparib,GDSC2::1018::Veliparib,GDSC2,1018,source_drug,921,0.9059439141808244,True
/Users/mycomputer/Documents/New project/real_app_gdsc/data/processed/gdsc_gdsc2_1133_serdemetan.npz,Serdemetan,GDSC2::1133::Serdemetan,GDSC2,1133,source_drug,920,1.2681834440030197,True
/Users/mycomputer/Documents/New project/real_app_gdsc/data/processed/gdsc_gdsc2_1175_rucaparib.npz,Rucaparib,GDSC2::1175::Rucaparib,GDSC2,1175,source_drug,920,1.047872868859455,True
/Users/mycomputer/Documents/New project/real_app_gdsc/data/processed/gdsc_gdsc2_1014_refametinib.npz,Refametinib,GDSC2::1014::Refametinib,GDSC2,1014,source_drug,919,1.907172449156141,True
/Users/mycomputer/Documents/New project/real_app_gdsc/data/processed/gdsc_gdsc1_1494_sn_38.npz,SN-38,GDSC1::1494::SN-38,GDSC1,1494,source_drug,919,1.6285838733847633,True
/Users/mycomputer/Documents/New project/real_app_gdsc/data/processed/gdsc_gdsc2_1024_lestaurtinib.npz,Lestaurtinib,GDSC2::1024::Lestaurtinib,GDSC2,1024,source_drug,919,1.6209307780867566,True
/Users/mycomputer/Documents/New project/real_app_gdsc/data/processed/gdsc_gdsc2_2173_pfi_1.npz,PFI-1,GDSC2::2173::PFI-1,GDSC2,2173,source_drug,918,1.1205418549332955,True
/Users/mycomputer/Documents/New project/real_app_gdsc/data/processed/gdsc_gdsc2_2177_sgc0946.npz,SGC0946,GDSC2::2177::SGC0946,GDSC2,2177,source_drug,918,0.7886634024210462,True
/Users/mycomputer/Documents/New project/real_app_gdsc/data/processed/gdsc_gdsc2_1038_nu7441.npz,NU7441,GDSC2::1038::NU7441,GDSC2,1038,source_drug,917,1.3422335739448252,True
/Users/mycomputer/Documents/New project/real_app_gdsc/data/processed/gdsc_gdsc2_1050_zm447439.npz,ZM447439,GDSC2::1050::ZM447439,GDSC2,1050,source_drug,916,1.7058124102134744,True
/Users/mycomputer/Documents/New project/real_app_gdsc/data/processed/gdsc_gdsc2_1061_sb590885.npz,SB590885,GDSC2::1061::SB590885,GDSC2,1061,source_drug,916,1.349718871345852,True
/Users/mycomputer/Documents/New project/real_app_gdsc/data/processed/gdsc_gdsc2_1926_gne_317.npz,GNE-317,GDSC2::1926::GNE-317,GDSC2,1926,source_drug,916,1.3099912703815946,True
/Users/mycomputer/Documents/New project/real_app_gdsc/data/processed/gdsc_gdsc1_1033_vismodegib.npz,Vismodegib,GDSC1::1033::Vismodegib,GDSC1,1033,source_drug,916,0.8132858294491095,True
/Users/mycomputer/Documents/New project/real_app_gdsc/data/processed/gdsc_gdsc2_1911_dactinomycin.npz,Dactinomycin,GDSC2::1911::Dactinomycin,GDSC2,1911,source_drug,915,1.5856924134231019,True
/Users/mycomputer/Documents/New project/real_app_gdsc/data/processed/gdsc_gdsc1_1047_nutlin_3a.npz,Nutlin-3a (-),GDSC1::1047::Nutlin-3a (-),GDSC1,1047,source_drug,915,1.3097839739258132,True
/Users/mycomputer/Documents/New project/real_app_gdsc/data/processed/gdsc_gdsc1_1050_zm447439.npz,ZM447439,GDSC1::1050::ZM447439,GDSC1,1050,source_drug,915,1.2004222143445697,True
/Users/mycomputer/Documents/New project/real_app_gdsc/data/processed/gdsc_gdsc1_1005_cisplatin.npz,Cisplatin,GDSC1::1005::Cisplatin,GDSC1,1005,source_drug,915,1.1328871335363269,True
/Users/mycomputer/Documents/New project/real_app_gdsc/data/processed/gdsc_gdsc2_1069_eht_1864.npz,EHT-1864,GDSC2::1069::EHT-1864,GDSC2,1069,source_drug,915,0.9862859780733956,True
/Users/mycomputer/Documents/New project/real_app_gdsc/data/processed/gdsc_gdsc1_1008_methotrexate.npz,Methotrexate,GDSC1::1008::Methotrexate,GDSC1,1008,source_drug,914,1.662954427422224,True
/Users/mycomputer/Documents/New project/real_app_gdsc/data/processed/gdsc_gdsc1_1007_docetaxel.npz,Docetaxel,GDSC1::1007::Docetaxel,GDSC1,1007,source_drug,914,1.4568425018148967,True
/Users/mycomputer/Documents/New project/real_app_gdsc/data/processed/gdsc_gdsc1_1037_bx795.npz,BX795,GDSC1::1037::BX795,GDSC1,1037,source_drug,914,1.2263191595122425,True
/Users/mycomputer/Documents/New project/real_app_gdsc/data/processed/gdsc_gdsc1_1013_nilotinib.npz,Nilotinib,GDSC1::1013::Nilotinib,GDSC1,1013,source_drug,914,1.2239938207232466,True
/Users/mycomputer/Documents/New project/real_app_gdsc/data/processed/gdsc_gdsc1_1049_pd173074.npz,PD173074,GDSC1::1049::PD173074,GDSC1,1049,source_drug,914,1.131406129239738,True
/Users/mycomputer/Documents/New project/real_app_gdsc/data/processed/gdsc_gdsc1_1012_vorinostat.npz,Vorinostat,GDSC1::1012::Vorinostat,GDSC1,1012,source_drug,914,1.0917665340942664,True
/Users/mycomputer/Documents/New project/real_app_gdsc/data/processed/gdsc_gdsc1_1052_ro_3306.npz,RO-3306,GDSC1::1052::RO-3306,GDSC1,1052,source_drug,914,0.9894314730408295,True
/Users/mycomputer/Documents/New project/real_app_gdsc/data/processed/gdsc_gdsc1_1020_lenalidomide.npz,Lenalidomide,GDSC1::1020::Lenalidomide,GDSC1,1020,source_drug,914,0.7704145321261944,True
/Users/mycomputer/Documents/New project/real_app_gdsc/data/processed/gdsc_gdsc1_1018_veliparib.npz,Veliparib,GDSC1::1018::Veliparib,GDSC1,1018,source_drug,914,0.7254763238713327,True
/Users/mycomputer/Documents/New project/real_app_gdsc/data/processed/gdsc_gdsc1_1019_bosutinib.npz,Bosutinib,GDSC1::1019::Bosutinib,GDSC1,1019,source_drug,913,1.316719926703319,True
/Users/mycomputer/Documents/New project/real_app_gdsc/data/processed/gdsc_gdsc1_1017_olaparib.npz,Olaparib,GDSC1::1017::Olaparib,GDSC1,1017,source_drug,913,0.9923753199999675,True
/Users/mycomputer/Documents/New project/real_app_gdsc/data/processed/gdsc_gdsc1_1030_ku_55933.npz,KU-55933,GDSC1::1030::KU-55933,GDSC1,1030,source_drug,913,0.9147550816249557,True
/Users/mycomputer/Documents/New project/real_app_gdsc/data/processed/gdsc_gdsc1_1026_tanespimycin.npz,Tanespimycin,GDSC1::1026::Tanespimycin,GDSC1,1026,source_drug,912,1.7564845854490505,True
/Users/mycomputer/Documents/New project/real_app_gdsc/data/processed/gdsc_gdsc1_1022_azd7762.npz,AZD7762,GDSC1::1022::AZD7762,GDSC1,1022,source_drug,912,1.4691196476956219,True
/Users/mycomputer/Documents/New project/real_app_gdsc/data/processed/gdsc_gdsc1_1036_plx_4720.npz,PLX-4720,GDSC1::1036::PLX-4720,GDSC1,1036,source_drug,912,1.268796883231677,True
/Users/mycomputer/Documents/New project/real_app_gdsc/data/processed/gdsc_gdsc1_1004_vinblastine.npz,Vinblastine,GDSC1::1004::Vinblastine,GDSC1,1004,source_drug,911,1.4197245972452457,True
/Users/mycomputer/Documents/New project/real_app_gdsc/data/processed/gdsc_gdsc1_1023_gw441756.npz,GW441756,GDSC1::1023::GW441756,GDSC1,1023,source_drug,911,1.055813880001779,True
/Users/mycomputer/Documents/New project/real_app_gdsc/data/processed/gdsc_gdsc1_1043_jnk_inhibitor_viii.npz,JNK Inhibitor VIII,GDSC1::1043::JNK Inhibitor VIII,GDSC1,1043,source_drug,911,0.7834800610631889,True
/Users/mycomputer/Documents/New project/real_app_gdsc/data/processed/gdsc_gdsc1_1011_navitoclax.npz,Navitoclax,GDSC1::1011::Navitoclax,GDSC1,1011,source_drug,910,1.7736786206933008,True
/Users/mycomputer/Documents/New project/real_app_gdsc/data/processed/gdsc_gdsc1_1024_lestaurtinib.npz,Lestaurtinib,GDSC1::1024::Lestaurtinib,GDSC1,1024,source_drug,910,1.5152411671407529,True
/Users/mycomputer/Documents/New project/real_app_gdsc/data/processed/gdsc_gdsc1_1032_afatinib.npz,Afatinib,GDSC1::1032::Afatinib,GDSC1,1032,source_drug,910,1.4563221158006388,True
/Users/mycomputer/Documents/New project/real_app_gdsc/data/processed/gdsc_gdsc1_1029_motesanib.npz,Motesanib,GDSC1::1029::Motesanib,GDSC1,1029,source_drug,910,0.9018169982395342,True
/Users/mycomputer/Documents/New project/real_app_gdsc/data/processed/gdsc_gdsc1_1069_eht_1864.npz,EHT-1864,GDSC1::1069::EHT-1864,GDSC1,1069,source_drug,910,0.8812095000611821,True
/Users/mycomputer/Documents/New project/real_app_gdsc/data/processed/gdsc_gdsc1_1072_avagacestat.npz,Avagacestat,GDSC1::1072::Avagacestat,GDSC1,1072,source_drug,910,0.876888384776212,True
/Users/mycomputer/Documents/New project/real_app_gdsc/data/processed/gdsc_gdsc2_1067_cct007093.npz,CCT007093,GDSC2::1067::CCT007093,GDSC2,1067,source_drug,910,0.8603970494323642,True
/Users/mycomputer/Documents/New project/real_app_gdsc/data/processed/gdsc_gdsc1_1183_crt0160829.npz,CRT0160829,GDSC1::1183::CRT0160829,GDSC1,1183,source_drug,909,1.196266984223318,True
/Users/mycomputer/Documents/New project/real_app_gdsc/data/processed/gdsc_gdsc1_1070_crt0105950.npz,CRT0105950,GDSC1::1070::CRT0105950,GDSC1,1070,source_drug,909,1.1702099060827031,True
/Users/mycomputer/Documents/New project/real_app_gdsc/data/processed/gdsc_gdsc1_1184_az20.npz,AZ20,GDSC1::1184::AZ20,GDSC1,1184,source_drug,909,1.1249298852002967,True
/Users/mycomputer/Documents/New project/real_app_gdsc/data/processed/gdsc_gdsc1_1187_cct245232.npz,CCT245232,GDSC1::1187::CCT245232,GDSC1,1187,source_drug,909,1.1237125855798837,True
/Users/mycomputer/Documents/New project/real_app_gdsc/data/processed/gdsc_gdsc1_1185_ku_60019.npz,KU-60019,GDSC1::1185::KU-60019,GDSC1,1185,source_drug,909,0.9883522820548922,True
/Users/mycomputer/Documents/New project/real_app_gdsc/data/processed/gdsc_gdsc1_1175_rucaparib.npz,Rucaparib,GDSC1::1175::Rucaparib,GDSC1,1175,source_drug,909,0.9624274622035931,True
/Users/mycomputer/Documents/New project/real_app_gdsc/data/processed/gdsc_gdsc1_1128_fs106.npz,FS106,GDSC1::1128::FS106,GDSC1,1128,source_drug,908,1.2924673554240387,True
/Users/mycomputer/Documents/New project/real_app_gdsc/data/processed/gdsc_gdsc1_1186_fs112.npz,FS112,GDSC1::1186::FS112,GDSC1,1186,source_drug,908,1.2831301733759537,True
/Users/mycomputer/Documents/New project/real_app_gdsc/data/processed/gdsc_gdsc1_1021_axitinib.npz,Axitinib,GDSC1::1021::Axitinib,GDSC1,1021,source_drug,908,1.2517700385043922,True
/Users/mycomputer/Documents/New project/real_app_gdsc/data/processed/gdsc_gdsc1_1149_tw_37.npz,TW 37,GDSC1::1149::TW 37,GDSC1,1149,source_drug,908,1.1579406483972714,True
/Users/mycomputer/Documents/New project/real_app_gdsc/data/processed/gdsc_gdsc1_1010_gefitinib.npz,Gefitinib,GDSC1::1010::Gefitinib,GDSC1,1010,source_drug,908,1.080195388991337,True
/Users/mycomputer/Documents/New project/real_app_gdsc/data/processed/gdsc_gdsc1_1188_cct245467.npz,CCT245467,GDSC1::1188::CCT245467,GDSC1,1188,source_drug,908,1.0692206568010227,True
/Users/mycomputer/Documents/New project/real_app_gdsc/data/processed/gdsc_gdsc1_1038_nu7441.npz,NU7441,GDSC1::1038::NU7441,GDSC1,1038,source_drug,908,0.9022118028036529,True
/Users/mycomputer/Documents/New project/real_app_gdsc/data/processed/gdsc_gdsc1_1028_vx_702.npz,VX-702,GDSC1::1028::VX-702,GDSC1,1028,source_drug,908,0.8633405265715007,True
/Users/mycomputer/Documents/New project/real_app_gdsc/data/processed/gdsc_gdsc1_1136_capivasertib.npz,Capivasertib,GDSC1::1136::Capivasertib,GDSC1,1136,source_drug,907,1.6848295396751163,True
/Users/mycomputer/Documents/New project/real_app_gdsc/data/processed/gdsc_gdsc1_1135_azd4547.npz,AZD4547,GDSC1::1135::AZD4547,GDSC1,1135,source_drug,907,1.4686657769404885,True
/Users/mycomputer/Documents/New project/real_app_gdsc/data/processed/gdsc_gdsc1_1133_serdemetan.npz,Serdemetan,GDSC1::1133::Serdemetan,GDSC1,1133,source_drug,907,0.9767608991184791,True
/Users/mycomputer/Documents/New project/real_app_gdsc/data/processed/gdsc_gdsc2_2039_agk2.npz,AGK2,GDSC2::2039::AGK2,GDSC2,2039,source_drug,907,0.9249255194457572,True
/Users/mycomputer/Documents/New project/real_app_gdsc/data/processed/gdsc_gdsc1_1386_doxorubicin.npz,Doxorubicin,GDSC1::1386::Doxorubicin,GDSC1,1386,source_drug,906,1.3871444249150082,True
/Users/mycomputer/Documents/New project/real_app_gdsc/data/processed/gdsc_gdsc1_1001_aica_ribonucleotide.npz,AICA Ribonucleotide,GDSC1::1001::AICA Ribonucleotide,GDSC1,1001,source_drug,906,1.2626574365256111,True
/Users/mycomputer/Documents/New project/real_app_gdsc/data/processed/gdsc_gdsc1_1071_crt0105446.npz,CRT0105446,GDSC1::1071::CRT0105446,GDSC1,1071,source_drug,906,0.9376285115616645,True
/Users/mycomputer/Documents/New project/real_app_gdsc/data/processed/gdsc_gdsc1_1067_cct007093.npz,CCT007093,GDSC1::1067::CCT007093,GDSC1,1067,source_drug,906,0.7251637724993705,True
/Users/mycomputer/Documents/New project/real_app_gdsc/data/processed/gdsc_gdsc1_1378_bleomycin_50_um.npz,Bleomycin (50 uM),GDSC1::1378::Bleomycin (50 uM),GDSC1,1378,source_drug,905,2.0536125155603857,True
/Users/mycomputer/Documents/New project/real_app_gdsc/data/processed/gdsc_gdsc1_1432_azd1480.npz,AZD1480,GDSC1::1432::AZD1480,GDSC1,1432,source_drug,905,1.1095343068857557,True
/Users/mycomputer/Documents/New project/real_app_gdsc/data/processed/gdsc_gdsc1_1449_azd1208.npz,AZD1208,GDSC1::1449::AZD1208,GDSC1,1449,source_drug,905,1.0410206959433679,True
/Users/mycomputer/Documents/New project/real_app_gdsc/data/processed/gdsc_gdsc1_1006_cytarabine.npz,Cytarabine,GDSC1::1006::Cytarabine,GDSC1,1006,source_drug,904,1.5739016662501186,True
/Users/mycomputer/Documents/New project/real_app_gdsc/data/processed/gdsc_gdsc1_1402_azd7762.npz,AZD7762,GDSC1::1402::AZD7762,GDSC1,1402,source_drug,904,1.45202210138047,True
/Users/mycomputer/Documents/New project/real_app_gdsc/data/processed/gdsc_gdsc1_1393_gemcitabine.npz,Gemcitabine,GDSC1::1393::Gemcitabine,GDSC1,1393,source_drug,904,1.4253749634953596,True
/Users/mycomputer/Documents/New project/real_app_gdsc/data/processed/gdsc_gdsc1_1009_tretinoin.npz,Tretinoin,GDSC1::1009::Tretinoin,GDSC1,1009,source_drug,904,1.2837389972289266,True
/Users/mycomputer/Documents/New project/real_app_gdsc/data/processed/gdsc_gdsc1_1170_cct_018159.npz,CCT-018159,GDSC1::1170::CCT-018159,GDSC1,1170,source_drug,904,1.0608536344505348,True
/Users/mycomputer/Documents/New project/real_app_gdsc/data/processed/gdsc_gdsc1_1433_jak1_3715.npz,JAK1_3715,GDSC1::1433::JAK1_3715,GDSC1,1433,source_drug,904,0.8963191627324314,True
/Users/mycomputer/Documents/New project/real_app_gdsc/data/processed/gdsc_gdsc1_1496_cisplatin.npz,Cisplatin,GDSC1::1496::Cisplatin,GDSC1,1496,source_drug,903,1.2288379121149007,True
/Users/mycomputer/Documents/New project/real_app_gdsc/data/processed/gdsc_gdsc1_1394_azd6738.npz,AZD6738,GDSC1::1394::AZD6738,GDSC1,1394,source_drug,903,1.1952602839366957,True
/Users/mycomputer/Documents/New project/real_app_gdsc/data/processed/gdsc_gdsc1_1463_azd1332.npz,AZD1332,GDSC1::1463::AZD1332,GDSC1,1463,source_drug,903,1.170959589934353,True
/Users/mycomputer/Documents/New project/real_app_gdsc/data/processed/gdsc_gdsc1_1059_azd8055.npz,AZD8055,GDSC1::1059::AZD8055,GDSC1,1059,source_drug,903,1.074163945537478,True
/Users/mycomputer/Documents/New project/real_app_gdsc/data/processed/gdsc_gdsc1_1421_fgfr_0939.npz,FGFR_0939,GDSC1::1421::FGFR_0939,GDSC1,1421,source_drug,903,0.9579546566627014,True
/Users/mycomputer/Documents/New project/real_app_gdsc/data/processed/gdsc_gdsc1_1403_azd6094.npz,AZD6094,GDSC1::1403::AZD6094,GDSC1,1403,source_drug,903,0.9162055534083325,True
/Users/mycomputer/Documents/New project/real_app_gdsc/data/processed/gdsc_gdsc1_1459_parp_0108.npz,PARP_0108,GDSC1::1459::PARP_0108,GDSC1,1459,source_drug,902,1.8974856940879945,True
/Users/mycomputer/Documents/New project/real_app_gdsc/data/processed/gdsc_gdsc1_1392_bleomycin_10_um.npz,Bleomycin (10 uM),GDSC1::1392::Bleomycin (10 uM),GDSC1,1392,source_drug,902,1.8423955447771592,True
/Users/mycomputer/Documents/New project/real_app_gdsc/data/processed/gdsc_gdsc1_1031_elesclomol.npz,Elesclomol,GDSC1::1031::Elesclomol,GDSC1,1031,source_drug,902,1.7002338387276519,True
/Users/mycomputer/Documents/New project/real_app_gdsc/data/processed/gdsc_gdsc1_1058_pictilisib.npz,Pictilisib,GDSC1::1058::Pictilisib,GDSC1,1058,source_drug,902,1.4428431798061547,True
/Users/mycomputer/Documents/New project/real_app_gdsc/data/processed/gdsc_gdsc1_1441_azd2014.npz,AZD2014,GDSC1::1441::AZD2014,GDSC1,1441,source_drug,902,1.2949718485353234,True
/Users/mycomputer/Documents/New project/real_app_gdsc/data/processed/gdsc_gdsc1_1453_raf_9304.npz,RAF_9304,GDSC1::1453::RAF_9304,GDSC1,1453,source_drug,902,1.2939236733300072,True
/Users/mycomputer/Documents/New project/real_app_gdsc/data/processed/gdsc_gdsc1_1434_jak3_7406.npz,JAK3_7406,GDSC1::1434::JAK3_7406,GDSC1,1434,source_drug,902,1.129170831029318,True
/Users/mycomputer/Documents/New project/real_app_gdsc/data/processed/gdsc_gdsc1_1407_dyrk1b_0191.npz,Dyrk1b_0191,GDSC1::1407::Dyrk1b_0191,GDSC1,1407,source_drug,902,1.1291204449673453,True
/Users/mycomputer/Documents/New project/real_app_gdsc/data/processed/gdsc_gdsc1_1382_azd3514.npz,AZD3514,GDSC1::1382::AZD3514,GDSC1,1382,source_drug,902,0.9677749074338602,True
/Users/mycomputer/Documents/New project/real_app_gdsc/data/processed/gdsc_gdsc1_1461_tank_1366.npz,TANK_1366,GDSC1::1461::TANK_1366,GDSC1,1461,source_drug,902,0.935904932055252,True
/Users/mycomputer/Documents/New project/real_app_gdsc/data/processed/gdsc_gdsc1_1464_ttk_3146.npz,TTK_3146,GDSC1::1464::TTK_3146,GDSC1,1464,source_drug,902,0.9345387689688471,True
/Users/mycomputer/Documents/New project/real_app_gdsc/data/processed/gdsc_gdsc1_1437_mct4_1422.npz,MCT4_1422,GDSC1::1437::MCT4_1422,GDSC1,1437,source_drug,902,0.8586618763208217,True
/Users/mycomputer/Documents/New project/real_app_gdsc/data/processed/gdsc_gdsc1_1409_azd4877.npz,AZD4877,GDSC1::1409::AZD4877,GDSC1,1409,source_drug,901,1.5314401748674442,True
/Users/mycomputer/Documents/New project/real_app_gdsc/data/processed/gdsc_gdsc1_1422_fgfr_3831.npz,FGFR_3831,GDSC1::1422::FGFR_3831,GDSC1,1422,source_drug,901,1.3383347354889712,True
/Users/mycomputer/Documents/New project/real_app_gdsc/data/processed/gdsc_gdsc1_1060_pd0325901.npz,PD0325901,GDSC1::1060::PD0325901,GDSC1,1060,source_drug,900,1.9155293441212957,True
/Users/mycomputer/Documents/New project/real_app_gdsc/data/processed/gdsc_gdsc1_1015_ci_1040.npz,CI-1040,GDSC1::1015::CI-1040,GDSC1,1015,source_drug,900,1.3957356917628494,True
/Users/mycomputer/Documents/New project/real_app_gdsc/data/processed/gdsc_gdsc1_1057_dactolisib.npz,Dactolisib,GDSC1::1057::Dactolisib,GDSC1,1057,source_drug,900,1.2484659357378687,True
/Users/mycomputer/Documents/New project/real_app_gdsc/data/processed/gdsc_gdsc1_1425_bptes.npz,BPTES,GDSC1::1425::BPTES,GDSC1,1425,source_drug,900,1.1979474916057955,True
/Users/mycomputer/Documents/New project/real_app_gdsc/data/processed/gdsc_gdsc1_1401_azd5438.npz,AZD5438,GDSC1::1401::AZD5438,GDSC1,1401,source_drug,900,0.8960365237074032,True
/Users/mycomputer/Documents/New project/real_app_gdsc/data/processed/gdsc_gdsc1_1460_parp_9482.npz,PARP_9482,GDSC1::1460::PARP_9482,GDSC1,1460,source_drug,899,2.1560990338921227,True
/Users/mycomputer/Documents/New project/real_app_gdsc/data/processed/gdsc_gdsc1_1430_igfr_3801.npz,IGFR_3801,GDSC1::1430::IGFR_3801,GDSC1,1430,source_drug,899,1.6079601503863072,True
/Users/mycomputer/Documents/New project/real_app_gdsc/data/processed/gdsc_gdsc1_1413_ephb4_9721.npz,EphB4_9721,GDSC1::1413::EphB4_9721,GDSC1,1413,source_drug,899,1.582416700271454,True
/Users/mycomputer/Documents/New project/real_app_gdsc/data/processed/gdsc_gdsc1_1416_azd8931.npz,AZD8931,GDSC1::1416::AZD8931,GDSC1,1416,source_drug,899,1.486487714979959,True
/Users/mycomputer/Documents/New project/real_app_gdsc/data/processed/gdsc_gdsc1_1444_azd8186.npz,AZD8186,GDSC1::1444::AZD8186,GDSC1,1444,source_drug,899,1.2049870755488545,True
/Users/mycomputer/Documents/New project/real_app_gdsc/data/processed/gdsc_gdsc1_1195_fy026.npz,FY026,GDSC1::1195::FY026,GDSC1,1195,source_drug,899,1.1209294680586221,True
/Users/mycomputer/Documents/New project/real_app_gdsc/data/processed/gdsc_gdsc1_1129_pf_4708671.npz,PF-4708671,GDSC1::1129::PF-4708671,GDSC1,1129,source_drug,899,0.9100222531841562,True
/Users/mycomputer/Documents/New project/real_app_gdsc/data/processed/gdsc_gdsc1_1379_zl109.npz,ZL109,GDSC1::1379::ZL109,GDSC1,1379,source_drug,899,0.9063936062726697,True
/Users/mycomputer/Documents/New project/real_app_gdsc/data/processed/gdsc_gdsc1_1414_fulvestrant.npz,Fulvestrant,GDSC1::1414::Fulvestrant,GDSC1,1414,source_drug,899,0.8471941674356979,True
/Users/mycomputer/Documents/New project/real_app_gdsc/data/processed/gdsc_gdsc1_1039_sl0101.npz,SL0101,GDSC1::1039::SL0101,GDSC1,1039,source_drug,899,0.8237271745944625,True
/Users/mycomputer/Documents/New project/real_app_gdsc/data/processed/gdsc_gdsc1_1236_unc0638.npz,UNC0638,GDSC1::1236::UNC0638,GDSC1,1236,source_drug,898,1.3617430648852389,True
/Users/mycomputer/Documents/New project/real_app_gdsc/data/processed/gdsc_gdsc1_1426_azd7969.npz,AZD7969,GDSC1::1426::AZD7969,GDSC1,1426,source_drug,898,1.235608390795963,True
/Users/mycomputer/Documents/New project/real_app_gdsc/data/processed/gdsc_gdsc1_1219_pfi_1.npz,PFI-1,GDSC1::1219::PFI-1,GDSC1,1219,source_drug,898,1.0795395310771485,True
/Users/mycomputer/Documents/New project/real_app_gdsc/data/processed/gdsc_gdsc1_449_cd532.npz,CD532,GDSC1::449::CD532,GDSC1,449,source_drug,898,0.9947148164448436,True
/Users/mycomputer/Documents/New project/real_app_gdsc/data/processed/gdsc_gdsc1_1198_fy012.npz,FY012,GDSC1::1198::FY012,GDSC1,1198,source_drug,898,0.9781483352955341,True
/Users/mycomputer/Documents/New project/real_app_gdsc/data/processed/gdsc_gdsc1_356_at7867.npz,AT7867,GDSC1::356::AT7867,GDSC1,356,source_drug,897,1.4707702337562794,True
/Users/mycomputer/Documents/New project/real_app_gdsc/data/processed/gdsc_gdsc1_366_tws119.npz,TWS119,GDSC1::366::TWS119,GDSC1,366,source_drug,897,1.367386732104375,True
/Users/mycomputer/Documents/New project/real_app_gdsc/data/processed/gdsc_gdsc1_1446_pi3ka_4409.npz,PI3Ka_4409,GDSC1::1446::PI3Ka_4409,GDSC1,1446,source_drug,897,1.2474455000353648,True
/Users/mycomputer/Documents/New project/real_app_gdsc/data/processed/gdsc_gdsc1_1371_plx_4720.npz,PLX-4720,GDSC1::1371::PLX-4720,GDSC1,1371,source_drug,897,1.2260215687537996,True
/Users/mycomputer/Documents/New project/real_app_gdsc/data/processed/gdsc_gdsc1_407_kb_nb_142_70.npz,kb NB 142-70,GDSC1::407::kb NB 142-70,GDSC1,407,source_drug,897,1.1842830796976043,True
/Users/mycomputer/Documents/New project/real_app_gdsc/data/processed/gdsc_gdsc1_1197_zl049.npz,ZL049,GDSC1::1197::ZL049,GDSC1,1197,source_drug,897,1.1351684078793987,True
/Users/mycomputer/Documents/New project/real_app_gdsc/data/processed/gdsc_gdsc1_342_tenovin_6.npz,Tenovin-6,GDSC1::342::Tenovin-6,GDSC1,342,source_drug,897,1.0799949462930738,True
/Users/mycomputer/Documents/New project/real_app_gdsc/data/processed/gdsc_gdsc1_372_pilaralisib.npz,Pilaralisib,GDSC1::372::Pilaralisib,GDSC1,372,source_drug,897,1.0396044323592037,True
/Users/mycomputer/Documents/New project/real_app_gdsc/data/processed/gdsc_gdsc1_375_voxtalisib.npz,Voxtalisib,GDSC1::375::Voxtalisib,GDSC1,375,source_drug,897,0.9667407747246596,True
/Users/mycomputer/Documents/New project/real_app_gdsc/data/processed/gdsc_gdsc1_406_limk1_inhibitor_bms4.npz,LIMK1 inhibitor BMS4,GDSC1::406::LIMK1 inhibitor BMS4,GDSC1,406,source_drug,897,0.9335994288699602,True
/Users/mycomputer/Documents/New project/real_app_gdsc/data/processed/gdsc_gdsc1_1042_doramapimod.npz,Doramapimod,GDSC1::1042::Doramapimod,GDSC1,1042,source_drug,897,0.858669060478145,True
/Users/mycomputer/Documents/New project/real_app_gdsc/data/processed/gdsc_gdsc1_1251_n22899_6_c1.npz,N22899-6-C1,GDSC1::1251::N22899-6-C1,GDSC1,1251,source_drug,897,0.8332658136646762,True
/Users/mycomputer/Documents/New project/real_app_gdsc/data/processed/gdsc_gdsc1_1230_iox2.npz,IOX2,GDSC1::1230::IOX2,GDSC1,1230,source_drug,897,0.7122266298439467,True
/Users/mycomputer/Documents/New project/real_app_gdsc/data/processed/gdsc_gdsc1_1252_n23918_95_7.npz,N23918-95-7,GDSC1::1252::N23918-95-7,GDSC1,1252,source_drug,897,0.7100715463921614,True
/Users/mycomputer/Documents/New project/real_app_gdsc/data/processed/gdsc_gdsc1_447_etp_45835.npz,ETP-45835,GDSC1::447::ETP-45835,GDSC1,447,source_drug,897,0.6411140042359289,True
/Users/mycomputer/Documents/New project/real_app_gdsc/data/processed/gdsc_gdsc1_408_sphingosine_kinase_1_inhibitor_ii.npz,Sphingosine Kinase 1 Inhibitor II,GDSC1::408::Sphingosine Kinase 1 Inhibitor II,GDSC1,408,source_drug,897,0.5540692194164613,True
/Users/mycomputer/Documents/New project/real_app_gdsc/data/processed/gdsc_gdsc1_380_bibf_1120.npz,BIBF-1120,GDSC1::380::BIBF-1120,GDSC1,380,source_drug,896,1.5836526129451716,True
/Users/mycomputer/Documents/New project/real_app_gdsc/data/processed/gdsc_gdsc1_1016_temsirolimus.npz,Temsirolimus,GDSC1::1016::Temsirolimus,GDSC1,1016,source_drug,896,1.575132407949578,True
/Users/mycomputer/Documents/New project/real_app_gdsc/data/processed/gdsc_gdsc1_285_su11274.npz,SU11274,GDSC1::285::SU11274,GDSC1,285,source_drug,896,1.2116878400879851,True
/Users/mycomputer/Documents/New project/real_app_gdsc/data/processed/gdsc_gdsc1_376_brivanib_bms_540215.npz,"Brivanib, BMS-540215","GDSC1::376::Brivanib, BMS-540215",GDSC1,376,source_drug,896,1.0834726139999946,True
/Users/mycomputer/Documents/New project/real_app_gdsc/data/processed/gdsc_gdsc1_1419_fen1_3940.npz,FEN1_3940,GDSC1::1419::FEN1_3940,GDSC1,1419,source_drug,896,0.985417599170645,True
/Users/mycomputer/Documents/New project/real_app_gdsc/data/processed/gdsc_gdsc2_1086_bi_2536.npz,BI-2536,GDSC2::1086::BI-2536,GDSC2,1086,source_drug,895,2.4365208830470255,True
/Users/mycomputer/Documents/New project/real_app_gdsc/data/processed/gdsc_gdsc1_1490_sn_38.npz,SN-38,GDSC1::1490::SN-38,GDSC1,1490,source_drug,895,2.209055194653282,True
/Users/mycomputer/Documents/New project/real_app_gdsc/data/processed/gdsc_gdsc1_1014_refametinib.npz,Refametinib,GDSC1::1014::Refametinib,GDSC1,1014,source_drug,895,1.7510622209070832,True
/Users/mycomputer/Documents/New project/real_app_gdsc/data/processed/gdsc_gdsc2_1016_temsirolimus.npz,Temsirolimus,GDSC2::1016::Temsirolimus,GDSC2,1016,source_drug,895,1.7035154453719676,True
/Users/mycomputer/Documents/New project/real_app_gdsc/data/processed/gdsc_gdsc1_1458_parp_9495.npz,PARP_9495,GDSC1::1458::PARP_9495,GDSC1,1458,source_drug,895,1.2675019326755799,True
/Users/mycomputer/Documents/New project/real_app_gdsc/data/processed/gdsc_gdsc1_264_acy_1215.npz,ACY-1215,GDSC1::264::ACY-1215,GDSC1,264,source_drug,895,1.267403481067531,True
/Users/mycomputer/Documents/New project/real_app_gdsc/data/processed/gdsc_gdsc1_1445_azd8835.npz,AZD8835,GDSC1::1445::AZD8835,GDSC1,1445,source_drug,895,1.2156011021810054,True
/Users/mycomputer/Documents/New project/real_app_gdsc/data/processed/gdsc_gdsc1_284_jnj38877605.npz,JNJ38877605,GDSC1::284::JNJ38877605,GDSC1,284,source_drug,895,1.0047566980821572,True
/Users/mycomputer/Documents/New project/real_app_gdsc/data/processed/gdsc_gdsc1_1243_piperlongumine.npz,Piperlongumine,GDSC1::1243::Piperlongumine,GDSC1,1243,source_drug,895,0.9557141877545928,True
/Users/mycomputer/Documents/New project/real_app_gdsc/data/processed/gdsc_gdsc1_1194_sb505124.npz,SB505124,GDSC1::1194::SB505124,GDSC1,1194,source_drug,895,0.8857860900140583,True
/Users/mycomputer/Documents/New project/real_app_gdsc/data/processed/gdsc_gdsc1_1199_tamoxifen.npz,Tamoxifen,GDSC1::1199::Tamoxifen,GDSC1,1199,source_drug,895,0.7628305099591258,True
/Users/mycomputer/Documents/New project/real_app_gdsc/data/processed/gdsc_gdsc1_289_kin001_042.npz,KIN001-042,GDSC1::289::KIN001-042,GDSC1,289,source_drug,895,0.7023115534296753,True
/Users/mycomputer/Documents/New project/real_app_gdsc/data/processed/gdsc_gdsc1_1428_iap_5620.npz,IAP_5620,GDSC1::1428::IAP_5620,GDSC1,1428,source_drug,894,1.7101196424916127,True
/Users/mycomputer/Documents/New project/real_app_gdsc/data/processed/gdsc_gdsc1_362_ci_1033.npz,CI-1033,GDSC1::362::CI-1033,GDSC1,362,source_drug,894,1.459645794183116,True
/Users/mycomputer/Documents/New project/real_app_gdsc/data/processed/gdsc_gdsc1_1196_fy069.npz,FY069,GDSC1::1196::FY069,GDSC1,1196,source_drug,894,1.0967286522882282,True
/Users/mycomputer/Documents/New project/real_app_gdsc/data/processed/gdsc_gdsc1_409_eef2k_inhibitor_a_484954.npz,"eEF2K Inhibitor, A-484954","GDSC1::409::eEF2K Inhibitor, A-484954",GDSC1,409,source_drug,894,0.5563860626167806,True
/Users/mycomputer/Documents/New project/real_app_gdsc/data/processed/gdsc_gdsc1_1429_iap_7638.npz,IAP_7638,GDSC1::1429::IAP_7638,GDSC1,1429,source_drug,893,1.5157574912674927,True
/Users/mycomputer/Documents/New project/real_app_gdsc/data/processed/gdsc_gdsc1_1192_gsk269962a.npz,GSK269962A,GDSC1::1192::GSK269962A,GDSC1,1192,source_drug,893,1.385533424248042,True
/Users/mycomputer/Documents/New project/real_app_gdsc/data/processed/gdsc_gdsc1_221_tak_715.npz,TAK-715,GDSC1::221::TAK-715,GDSC1,221,source_drug,893,1.1807418771033888,True
/Users/mycomputer/Documents/New project/real_app_gdsc/data/processed/gdsc_gdsc1_1091_bms_536924.npz,BMS-536924,GDSC1::1091::BMS-536924,GDSC1,1091,source_drug,893,1.1592860719708695,True
/Users/mycomputer/Documents/New project/real_app_gdsc/data/processed/gdsc_gdsc1_203_bms_345541.npz,BMS-345541,GDSC1::203::BMS-345541,GDSC1,203,source_drug,893,1.0894018038252975,True
/Users/mycomputer/Documents/New project/real_app_gdsc/data/processed/gdsc_gdsc1_206_ruxolitinib.npz,Ruxolitinib,GDSC1::206::Ruxolitinib,GDSC1,206,source_drug,893,0.8915888814037326,True
/Users/mycomputer/Documents/New project/real_app_gdsc/data/processed/gdsc_gdsc1_1427_azd5582.npz,AZD5582,GDSC1::1427::AZD5582,GDSC1,1427,source_drug,892,2.0824285345159836,True
/Users/mycomputer/Documents/New project/real_app_gdsc/data/processed/gdsc_gdsc1_283_omipalisib.npz,Omipalisib,GDSC1::283::Omipalisib,GDSC1,283,source_drug,892,1.8867534821152108,True
/Users/mycomputer/Documents/New project/real_app_gdsc/data/processed/gdsc_gdsc1_252_wz3105.npz,WZ3105,GDSC1::252::WZ3105,GDSC1,252,source_drug,892,1.842532456849981,True
/Users/mycomputer/Documents/New project/real_app_gdsc/data/processed/gdsc_gdsc1_306_fedratinib.npz,Fedratinib,GDSC1::306::Fedratinib,GDSC1,306,source_drug,892,1.5539215743254766,True
/Users/mycomputer/Documents/New project/real_app_gdsc/data/processed/gdsc_gdsc1_256_jw_7_24_1.npz,JW-7-24-1,GDSC1::256::JW-7-24-1,GDSC1,256,source_drug,892,1.5102569823873184,True
/Users/mycomputer/Documents/New project/real_app_gdsc/data/processed/gdsc_gdsc1_1254_gsk_j4.npz,GSK-J4,GDSC1::1254::GSK-J4,GDSC1,1254,source_drug,892,1.3156516810622623,True
/Users/mycomputer/Documents/New project/real_app_gdsc/data/processed/gdsc_gdsc1_211_tl_2_105.npz,TL-2-105,GDSC1::211::TL-2-105,GDSC1,211,source_drug,892,1.3061078603165985,True
/Users/mycomputer/Documents/New project/real_app_gdsc/data/processed/gdsc_gdsc1_329_ql_xi_92.npz,QL-XI-92,GDSC1::329::QL-XI-92,GDSC1,329,source_drug,892,1.2882603947758353,True
/Users/mycomputer/Documents/New project/real_app_gdsc/data/processed/gdsc_gdsc1_238_idelalisib.npz,Idelalisib,GDSC1::238::Idelalisib,GDSC1,238,source_drug,892,1.27515722538911,True
/Users/mycomputer/Documents/New project/real_app_gdsc/data/processed/gdsc_gdsc1_152_cp466722.npz,CP466722,GDSC1::152::CP466722,GDSC1,152,source_drug,892,1.2531357056625108,True
/Users/mycomputer/Documents/New project/real_app_gdsc/data/processed/gdsc_gdsc1_254_quizartinib.npz,Quizartinib,GDSC1::254::Quizartinib,GDSC1,254,source_drug,892,1.0731688967601993,True
/Users/mycomputer/Documents/New project/real_app_gdsc/data/processed/gdsc_gdsc1_253_xmd14_99.npz,XMD14-99,GDSC1::253::XMD14-99,GDSC1,253,source_drug,892,0.9976922577568337,True
/Users/mycomputer/Documents/New project/real_app_gdsc/data/processed/gdsc_gdsc1_277_linifanib.npz,Linifanib,GDSC1::277::Linifanib,GDSC1,277,source_drug,892,0.9681653271114323,True
/Users/mycomputer/Documents/New project/real_app_gdsc/data/processed/gdsc_gdsc1_255_cp724714.npz,CP724714,GDSC1::255::CP724714,GDSC1,255,source_drug,892,0.9460905336439015,True
/Users/mycomputer/Documents/New project/real_app_gdsc/data/processed/gdsc_gdsc1_332_xmd15_27.npz,XMD15-27,GDSC1::332::XMD15-27,GDSC1,332,source_drug,892,0.8712382472244788,True
/Users/mycomputer/Documents/New project/real_app_gdsc/data/processed/gdsc_gdsc1_193_gw_2580.npz,GW-2580,GDSC1::193::GW-2580,GDSC1,193,source_drug,892,0.7003312184062824,True
/Users/mycomputer/Documents/New project/real_app_gdsc/data/processed/gdsc_gdsc1_205_avagacestat.npz,Avagacestat,GDSC1::205::Avagacestat,GDSC1,205,source_drug,892,0.660054026661187,True
/Users/mycomputer/Documents/New project/real_app_gdsc/data/processed/gdsc_gdsc1_1253_n24798_49_a1.npz,N24798-49-A1,GDSC1::1253::N24798-49-A1,GDSC1,1253,source_drug,892,0.583542503243657,True
/Users/mycomputer/Documents/New project/real_app_gdsc/data/processed/gdsc_gdsc1_282_pelitinib.npz,Pelitinib,GDSC1::282::Pelitinib,GDSC1,282,source_drug,891,1.8903107843935125,True
/Users/mycomputer/Documents/New project/real_app_gdsc/data/processed/gdsc_gdsc1_222_bx_912.npz,BX-912,GDSC1::222::BX-912,GDSC1,222,source_drug,891,1.760304447158924,True
/Users/mycomputer/Documents/New project/real_app_gdsc/data/processed/gdsc_gdsc1_1261_rtrail.npz,rTRAIL,GDSC1::1261::rTRAIL,GDSC1,1261,source_drug,891,1.3677640265660003,True
/Users/mycomputer/Documents/New project/real_app_gdsc/data/processed/gdsc_gdsc1_330_xmd13_2.npz,XMD13-2,GDSC1::330::XMD13-2,GDSC1,330,source_drug,891,1.3250831604549422,True
/Users/mycomputer/Documents/New project/real_app_gdsc/data/processed/gdsc_gdsc1_292_masitinib.npz,Masitinib,GDSC1::292::Masitinib,GDSC1,292,source_drug,891,1.3118065279011615,True
/Users/mycomputer/Documents/New project/real_app_gdsc/data/processed/gdsc_gdsc1_298_osi_930.npz,OSI-930,GDSC1::298::OSI-930,GDSC1,298,source_drug,891,1.0539506668716925,True
/Users/mycomputer/Documents/New project/real_app_gdsc/data/processed/gdsc_gdsc1_236_ic_87114.npz,IC-87114,GDSC1::236::IC-87114,GDSC1,236,source_drug,891,0.8585151426597336,True
/Users/mycomputer/Documents/New project/real_app_gdsc/data/processed/gdsc_gdsc1_301_pha_793887.npz,PHA-793887,GDSC1::301::PHA-793887,GDSC1,301,source_drug,890,2.0625913173422803,True
/Users/mycomputer/Documents/New project/real_app_gdsc/data/processed/gdsc_gdsc1_1498_selumetinib.npz,Selumetinib,GDSC1::1498::Selumetinib,GDSC1,1498,source_drug,890,1.7614173893064127,True
/Users/mycomputer/Documents/New project/real_app_gdsc/data/processed/gdsc_gdsc1_260_ng_25.npz,NG-25,GDSC1::260::NG-25,GDSC1,260,source_drug,890,1.6989700419629075,True
/Users/mycomputer/Documents/New project/real_app_gdsc/data/processed/gdsc_gdsc1_295_nvp_bhg712.npz,NVP-BHG712,GDSC1::295::NVP-BHG712,GDSC1,295,source_drug,890,1.659416757855009,True
/Users/mycomputer/Documents/New project/real_app_gdsc/data/processed/gdsc_gdsc1_305_tpca_1.npz,TPCA-1,GDSC1::305::TPCA-1,GDSC1,305,source_drug,890,1.6576449439585546,True
/Users/mycomputer/Documents/New project/real_app_gdsc/data/processed/gdsc_gdsc1_225_genentech_cpd_10.npz,Genentech Cpd 10,GDSC1::225::Genentech Cpd 10,GDSC1,225,source_drug,890,1.6510776280202109,True
/Users/mycomputer/Documents/New project/real_app_gdsc/data/processed/gdsc_gdsc1_261_tl_1_85.npz,TL-1-85,GDSC1::261::TL-1-85,GDSC1,261,source_drug,890,1.6401779254677635,True
/Users/mycomputer/Documents/New project/real_app_gdsc/data/processed/gdsc_gdsc1_262_vx_11e.npz,VX-11e,GDSC1::262::VX-11e,GDSC1,262,source_drug,890,1.4666626683478527,True
/Users/mycomputer/Documents/New project/real_app_gdsc/data/processed/gdsc_gdsc1_228_akt_inhibitor_viii.npz,AKT inhibitor VIII,GDSC1::228::AKT inhibitor VIII,GDSC1,228,source_drug,890,1.4552743816947409,True
/Users/mycomputer/Documents/New project/real_app_gdsc/data/processed/gdsc_gdsc1_442_imd_0354.npz,IMD-0354,GDSC1::442::IMD-0354,GDSC1,442,source_drug,890,1.2753995301689838,True
/Users/mycomputer/Documents/New project/real_app_gdsc/data/processed/gdsc_gdsc1_310_ym201636.npz,YM201636,GDSC1::310::YM201636,GDSC1,310,source_drug,890,1.2562703590552444,True
/Users/mycomputer/Documents/New project/real_app_gdsc/data/processed/gdsc_gdsc1_230_gsk429286a.npz,GSK429286A,GDSC1::230::GSK429286A,GDSC1,230,source_drug,890,1.1894452382300087,True
/Users/mycomputer/Documents/New project/real_app_gdsc/data/processed/gdsc_gdsc1_288_whi_p97.npz,WHI-P97,GDSC1::288::WHI-P97,GDSC1,288,source_drug,890,1.0387170142533988,True
/Users/mycomputer/Documents/New project/real_app_gdsc/data/processed/gdsc_gdsc1_286_kin001_236.npz,KIN001-236,GDSC1::286::KIN001-236,GDSC1,286,source_drug,890,0.9820898439794482,True
/Users/mycomputer/Documents/New project/real_app_gdsc/data/processed/gdsc_gdsc1_345_kin001_270.npz,KIN001-270,GDSC1::345::KIN001-270,GDSC1,345,source_drug,890,0.9063150487416646,True
/Users/mycomputer/Documents/New project/real_app_gdsc/data/processed/gdsc_gdsc1_1268_xav939.npz,XAV939,GDSC1::1268::XAV939,GDSC1,1268,source_drug,890,0.8843541829159107,True
/Users/mycomputer/Documents/New project/real_app_gdsc/data/processed/gdsc_gdsc1_263_fr_180204.npz,FR-180204,GDSC1::263::FR-180204,GDSC1,263,source_drug,890,0.8683883493127359,True
/Users/mycomputer/Documents/New project/real_app_gdsc/data/processed/gdsc_gdsc1_312_tivozanib.npz,Tivozanib,GDSC1::312::Tivozanib,GDSC1,312,source_drug,890,0.7640628073606922,True
/Users/mycomputer/Documents/New project/real_app_gdsc/data/processed/gdsc_gdsc1_266_zibotentan.npz,Zibotentan,GDSC1::266::Zibotentan,GDSC1,266,source_drug,890,0.5553216702627158,True
/Users/mycomputer/Documents/New project/real_app_gdsc/data/processed/gdsc_gdsc1_257_npk76_ii_72_1.npz,NPK76-II-72-1,GDSC1::257::NPK76-II-72-1,GDSC1,257,source_drug,889,1.7125879173877216,True
/Users/mycomputer/Documents/New project/real_app_gdsc/data/processed/gdsc_gdsc1_303_pik_93.npz,PIK-93,GDSC1::303::PIK-93,GDSC1,303,source_drug,889,1.699672082825465,True
/Users/mycomputer/Documents/New project/real_app_gdsc/data/processed/gdsc_gdsc1_229_enzastaurin.npz,Enzastaurin,GDSC1::229::Enzastaurin,GDSC1,229,source_drug,889,1.5698476062714506,True
/Users/mycomputer/Documents/New project/real_app_gdsc/data/processed/gdsc_gdsc1_309_y_39983.npz,Y-39983,GDSC1::309::Y-39983,GDSC1,309,source_drug,889,1.3703966282636657,True
/Users/mycomputer/Documents/New project/real_app_gdsc/data/processed/gdsc_gdsc1_249_cabozantinib.npz,Cabozantinib,GDSC1::249::Cabozantinib,GDSC1,249,source_drug,889,1.3351753857007196,True
/Users/mycomputer/Documents/New project/real_app_gdsc/data/processed/gdsc_gdsc1_287_kin001_244.npz,KIN001-244,GDSC1::287::KIN001-244,GDSC1,287,source_drug,889,1.262601685867949,True
/Users/mycomputer/Documents/New project/real_app_gdsc/data/processed/gdsc_gdsc1_290_kin001_260.npz,KIN001-260,GDSC1::290::KIN001-260,GDSC1,290,source_drug,889,1.2053013414925438,True
/Users/mycomputer/Documents/New project/real_app_gdsc/data/processed/gdsc_gdsc1_279_bix02189.npz,BIX02189,GDSC1::279::BIX02189,GDSC1,279,source_drug,889,1.2005775323818164,True
/Users/mycomputer/Documents/New project/real_app_gdsc/data/processed/gdsc_gdsc1_291_kin001_266.npz,KIN001-266,GDSC1::291::KIN001-266,GDSC1,291,source_drug,889,1.1265378072249765,True
/Users/mycomputer/Documents/New project/real_app_gdsc/data/processed/gdsc_gdsc1_281_alectinib.npz,Alectinib,GDSC1::281::Alectinib,GDSC1,281,source_drug,889,1.1114122858872195,True
/Users/mycomputer/Documents/New project/real_app_gdsc/data/processed/gdsc_gdsc1_326_gsk690693.npz,GSK690693,GDSC1::326::GSK690693,GDSC1,326,source_drug,888,1.7699050095792053,True
/Users/mycomputer/Documents/New project/real_app_gdsc/data/processed/gdsc_gdsc1_208_ispinesib_mesylate.npz,Ispinesib Mesylate,GDSC1::208::Ispinesib Mesylate,GDSC1,208,source_drug,888,1.7287209162605133,True
/Users/mycomputer/Documents/New project/real_app_gdsc/data/processed/gdsc_gdsc1_223_zstk474.npz,ZSTK474,GDSC1::223::ZSTK474,GDSC1,223,source_drug,888,1.6764384490146391,True
/Users/mycomputer/Documents/New project/real_app_gdsc/data/processed/gdsc_gdsc1_294_mps_1_in_1.npz,MPS-1-IN-1,GDSC1::294::MPS-1-IN-1,GDSC1,294,source_drug,888,1.378601511014357,True
/Users/mycomputer/Documents/New project/real_app_gdsc/data/processed/gdsc_gdsc1_265_tubastatin_a.npz,Tubastatin A,GDSC1::265::Tubastatin A,GDSC1,265,source_drug,888,1.338718634351285,True
/Users/mycomputer/Documents/New project/real_app_gdsc/data/processed/gdsc_gdsc1_304_sb52334.npz,SB52334,GDSC1::304::SB52334,GDSC1,304,source_drug,888,1.2787156960289954,True
/Users/mycomputer/Documents/New project/real_app_gdsc/data/processed/gdsc_gdsc1_363_pf_00299804.npz,PF-00299804,GDSC1::363::PF-00299804,GDSC1,363,source_drug,888,1.21255873418165,True
/Users/mycomputer/Documents/New project/real_app_gdsc/data/processed/gdsc_gdsc1_258_stf_62247.npz,STF-62247,GDSC1::258::STF-62247,GDSC1,258,source_drug,888,0.9727803485869365,True
/Users/mycomputer/Documents/New project/real_app_gdsc/data/processed/gdsc_gdsc1_415_cpi_613.npz,CPI-613,GDSC1::415::CPI-613,GDSC1,415,source_drug,888,0.9074819330429706,True
/Users/mycomputer/Documents/New project/real_app_gdsc/data/processed/gdsc_gdsc1_546_fty_720.npz,FTY-720,GDSC1::546::FTY-720,GDSC1,546,source_drug,888,0.6783538384446451,True
/Users/mycomputer/Documents/New project/real_app_gdsc/data/processed/gdsc_gdsc1_562_agi_6780.npz,AGI-6780,GDSC1::562::AGI-6780,GDSC1,562,source_drug,888,0.6261543881217414,True
/Users/mycomputer/Documents/New project/real_app_gdsc/data/processed/gdsc_gdsc1_275_i_bet_762.npz,I-BET-762,GDSC1::275::I-BET-762,GDSC1,275,source_drug,887,1.7255420872766485,True
/Users/mycomputer/Documents/New project/real_app_gdsc/data/processed/gdsc_gdsc1_1451_plk_6522.npz,PLK_6522,GDSC1::1451::PLK_6522,GDSC1,1451,source_drug,887,1.7200715084496667,True
/Users/mycomputer/Documents/New project/real_app_gdsc/data/processed/gdsc_gdsc1_1377_afatinib.npz,Afatinib,GDSC1::1377::Afatinib,GDSC1,1377,source_drug,887,1.6310634360503218,True
/Users/mycomputer/Documents/New project/real_app_gdsc/data/processed/gdsc_gdsc1_308_foretinib.npz,Foretinib,GDSC1::308::Foretinib,GDSC1,308,source_drug,887,1.3926400421566745,True
/Users/mycomputer/Documents/New project/real_app_gdsc/data/processed/gdsc_gdsc1_435_c_75.npz,C-75,GDSC1::435::C-75,GDSC1,435,source_drug,887,1.1997345566446165,True
/Users/mycomputer/Documents/New project/real_app_gdsc/data/processed/gdsc_gdsc1_576_ru_ski_43.npz,RU-SKI 43,GDSC1::576::RU-SKI 43,GDSC1,576,source_drug,887,1.0985208731818241,True
/Users/mycomputer/Documents/New project/real_app_gdsc/data/processed/gdsc_gdsc1_552_bam7.npz,BAM7,GDSC1::552::BAM7,GDSC1,552,source_drug,887,0.8594295495201554,True
/Users/mycomputer/Documents/New project/real_app_gdsc/data/processed/gdsc_gdsc1_574_wnt_c59.npz,Wnt-C59,GDSC1::574::Wnt-C59,GDSC1,574,source_drug,887,0.7344911975785988,True
/Users/mycomputer/Documents/New project/real_app_gdsc/data/processed/gdsc_gdsc1_478_ldn_193189.npz,LDN-193189,GDSC1::478::LDN-193189,GDSC1,478,source_drug,887,0.6851951878270306,True
/Users/mycomputer/Documents/New project/real_app_gdsc/data/processed/gdsc_gdsc1_341_selisistat.npz,Selisistat,GDSC1::341::Selisistat,GDSC1,341,source_drug,887,0.6474349736469862,True
/Users/mycomputer/Documents/New project/real_app_gdsc/data/processed/gdsc_gdsc1_382_apitolisib.npz,Apitolisib,GDSC1::382::Apitolisib,GDSC1,382,source_drug,886,1.5230739663549473,True
/Users/mycomputer/Documents/New project/real_app_gdsc/data/processed/gdsc_gdsc1_269_nsc_207895.npz,NSC-207895,GDSC1::269::NSC-207895,GDSC1,269,source_drug,886,1.4464623286623606,True
/Users/mycomputer/Documents/New project/real_app_gdsc/data/processed/gdsc_gdsc1_1066_azd6482.npz,AZD6482,GDSC1::1066::AZD6482,GDSC1,1066,source_drug,886,1.315095432011104,True
/Users/mycomputer/Documents/New project/real_app_gdsc/data/processed/gdsc_gdsc1_271_vnlg_124.npz,VNLG/124,GDSC1::271::VNLG/124,GDSC1,271,source_drug,886,0.9612299178427365,True
/Users/mycomputer/Documents/New project/real_app_gdsc/data/processed/gdsc_gdsc1_563_kobe2602.npz,Kobe2602,GDSC1::563::Kobe2602,GDSC1,563,source_drug,886,0.8854034858859836,True
/Users/mycomputer/Documents/New project/real_app_gdsc/data/processed/gdsc_gdsc1_317_wye_125132.npz,WYE-125132,GDSC1::317::WYE-125132,GDSC1,317,source_drug,885,2.0551447000406475,True
/Users/mycomputer/Documents/New project/real_app_gdsc/data/processed/gdsc_gdsc1_179_5_fluorouracil.npz,5-Fluorouracil,GDSC1::179::5-Fluorouracil,GDSC1,179,source_drug,885,1.7742506524407298,True
/Users/mycomputer/Documents/New project/real_app_gdsc/data/processed/gdsc_gdsc1_1266_icl1100013.npz,ICL1100013,GDSC1::1266::ICL1100013,GDSC1,1266,source_drug,885,1.7124918287497362,True
/Users/mycomputer/Documents/New project/real_app_gdsc/data/processed/gdsc_gdsc1_224_as605240.npz,AS605240,GDSC1::224::AS605240,GDSC1,224,source_drug,885,1.5728205542792,True
/Users/mycomputer/Documents/New project/real_app_gdsc/data/processed/gdsc_gdsc1_293_amuvatinib.npz,Amuvatinib,GDSC1::293::Amuvatinib,GDSC1,293,source_drug,885,1.5724617309244546,True
/Users/mycomputer/Documents/New project/real_app_gdsc/data/processed/gdsc_gdsc1_245_unc0638.npz,UNC0638,GDSC1::245::UNC0638,GDSC1,245,source_drug,885,1.4657164761512225,True
/Users/mycomputer/Documents/New project/real_app_gdsc/data/processed/gdsc_gdsc1_412_venotoclax.npz,Venotoclax,GDSC1::412::Venotoclax,GDSC1,412,source_drug,885,1.2777585113503085,True
/Users/mycomputer/Documents/New project/real_app_gdsc/data/processed/gdsc_gdsc1_436_cap_232_tt_232_tln_232.npz,"CAP-232, TT-232, TLN-232","GDSC1::436::CAP-232, TT-232, TLN-232",GDSC1,436,source_drug,885,1.2131043485749409,True
/Users/mycomputer/Documents/New project/real_app_gdsc/data/processed/gdsc_gdsc1_439_lcl161.npz,LCL161,GDSC1::439::LCL161,GDSC1,439,source_drug,885,1.1630734472407884,True
/Users/mycomputer/Documents/New project/real_app_gdsc/data/processed/gdsc_gdsc1_333_t0901317.npz,T0901317,GDSC1::333::T0901317,GDSC1,333,source_drug,885,1.0347101945871744,True
/Users/mycomputer/Documents/New project/real_app_gdsc/data/processed/gdsc_gdsc1_427_ara_g.npz,Ara-G,GDSC1::427::Ara-G,GDSC1,427,source_drug,885,1.0190739631007584,True
/Users/mycomputer/Documents/New project/real_app_gdsc/data/processed/gdsc_gdsc1_477_a_83_01.npz,A-83-01,GDSC1::477::A-83-01,GDSC1,477,source_drug,885,0.7969332021611822,True
/Users/mycomputer/Documents/New project/real_app_gdsc/data/processed/gdsc_gdsc1_573_lgk974.npz,LGK974,GDSC1::573::LGK974,GDSC1,573,source_drug,885,0.7749103451918373,True
/Users/mycomputer/Documents/New project/real_app_gdsc/data/processed/gdsc_gdsc1_300_cx_5461.npz,CX-5461,GDSC1::300::CX-5461,GDSC1,300,source_drug,884,1.9963300546031706,True
/Users/mycomputer/Documents/New project/real_app_gdsc/data/processed/gdsc_gdsc1_476_sb505124.npz,SB505124,GDSC1::476::SB505124,GDSC1,476,source_drug,884,1.5221999169392793,True
/Users/mycomputer/Documents/New project/real_app_gdsc/data/processed/gdsc_gdsc1_437_trichostatin_a.npz,Trichostatin A,GDSC1::437::Trichostatin A,GDSC1,437,source_drug,884,1.1826808916119331,True
/Users/mycomputer/Documents/New project/real_app_gdsc/data/processed/gdsc_gdsc1_1259_talazoparib.npz,Talazoparib,GDSC1::1259::Talazoparib,GDSC1,1259,source_drug,883,1.8389087960448212,True
/Users/mycomputer/Documents/New project/real_app_gdsc/data/processed/gdsc_gdsc1_235_ql_xii_47.npz,QL-XII-47,GDSC1::235::QL-XII-47,GDSC1,235,source_drug,883,1.6980189930787764,True
/Users/mycomputer/Documents/New project/real_app_gdsc/data/processed/gdsc_gdsc1_374_gsk1059615.npz,GSK1059615,GDSC1::374::GSK1059615,GDSC1,374,source_drug,883,1.5464567954824282,True
/Users/mycomputer/Documents/New project/real_app_gdsc/data/processed/gdsc_gdsc1_1242_5z_7_oxozeaenol.npz,(5Z)-7-Oxozeaenol,GDSC1::1242::(5Z)-7-Oxozeaenol,GDSC1,1242,source_drug,883,1.4299159187494386,True
/Users/mycomputer/Documents/New project/real_app_gdsc/data/processed/gdsc_gdsc1_1232_i_bet_151.npz,I-BET-151,GDSC1::1232::I-BET-151,GDSC1,1232,source_drug,883,1.3449049033129956,True
/Users/mycomputer/Documents/New project/real_app_gdsc/data/processed/gdsc_gdsc1_416_cay10566.npz,CAY10566,GDSC1::416::CAY10566,GDSC1,416,source_drug,883,1.291608746363308,True
/Users/mycomputer/Documents/New project/real_app_gdsc/data/processed/gdsc_gdsc1_432_flavopiridol.npz,Flavopiridol,GDSC1::432::Flavopiridol,GDSC1,432,source_drug,883,1.099360746023452,True
/Users/mycomputer/Documents/New project/real_app_gdsc/data/processed/gdsc_gdsc1_276_cay10603.npz,CAY10603,GDSC1::276::CAY10603,GDSC1,276,source_drug,882,1.7342726968021431,True
/Users/mycomputer/Documents/New project/real_app_gdsc/data/processed/gdsc_gdsc1_1218_jq1.npz,JQ1,GDSC1::1218::JQ1,GDSC1,1218,source_drug,882,1.1249913988265279,True
/Users/mycomputer/Documents/New project/real_app_gdsc/data/processed/gdsc_gdsc1_1241_chir_99021.npz,CHIR-99021,GDSC1::1241::CHIR-99021,GDSC1,1241,source_drug,882,1.108874086932423,True
/Users/mycomputer/Documents/New project/real_app_gdsc/data/processed/gdsc_gdsc1_410_metap2_inhibitor_a832234.npz,"MetAP2 Inhibitor, A832234","GDSC1::410::MetAP2 Inhibitor, A832234",GDSC1,410,source_drug,882,0.8532538738554422,True
/Users/mycomputer/Documents/New project/real_app_gdsc/data/processed/gdsc_gdsc1_1262_unc1215.npz,UNC1215,GDSC1::1262::UNC1215,GDSC1,1262,source_drug,882,0.5409900324054149,True
/Users/mycomputer/Documents/New project/real_app_gdsc/data/processed/gdsc_gdsc1_328_snx_2112.npz,SNX-2112,GDSC1::328::SNX-2112,GDSC1,328,source_drug,881,2.1617423329858623,True
/Users/mycomputer/Documents/New project/real_app_gdsc/data/processed/gdsc_gdsc1_331_ql_x_138.npz,QL-X-138,GDSC1::331::QL-X-138,GDSC1,331,source_drug,881,1.6844455178446334,True
/Users/mycomputer/Documents/New project/real_app_gdsc/data/processed/gdsc_gdsc1_381_ast_1306.npz,AST-1306,GDSC1::381::AST-1306,GDSC1,381,source_drug,881,1.3045037946464866,True
/Users/mycomputer/Documents/New project/real_app_gdsc/data/processed/gdsc_gdsc1_1436_mct1_6447.npz,MCT1_6447,GDSC1::1436::MCT1_6447,GDSC1,1436,source_drug,881,1.2033168799856333,True
/Users/mycomputer/Documents/New project/real_app_gdsc/data/processed/gdsc_gdsc1_446_mim1.npz,MIM1,GDSC1::446::MIM1,GDSC1,446,source_drug,881,1.0664566660678563,True
/Users/mycomputer/Documents/New project/real_app_gdsc/data/processed/gdsc_gdsc1_1375_temozolomide.npz,Temozolomide,GDSC1::1375::Temozolomide,GDSC1,1375,source_drug,881,0.7851983348099545,True
/Users/mycomputer/Documents/New project/real_app_gdsc/data/processed/gdsc_gdsc1_1264_sgc0946.npz,SGC0946,GDSC1::1264::SGC0946,GDSC1,1264,source_drug,881,0.5595585902633349,True
/Users/mycomputer/Documents/New project/real_app_gdsc/data/processed/gdsc_gdsc1_302_pi_103.npz,PI-103,GDSC1::302::PI-103,GDSC1,302,source_drug,880,2.379506083371628,True
/Users/mycomputer/Documents/New project/real_app_gdsc/data/processed/gdsc_gdsc1_219_at_7519.npz,AT-7519,GDSC1::219::AT-7519,GDSC1,219,source_drug,880,1.8725472401190382,True
/Users/mycomputer/Documents/New project/real_app_gdsc/data/processed/gdsc_gdsc1_196_phenformin.npz,Phenformin,GDSC1::196::Phenformin,GDSC1,196,source_drug,879,1.8558976183461604,True
/Users/mycomputer/Documents/New project/real_app_gdsc/data/processed/gdsc_gdsc1_1495_olaparib.npz,Olaparib,GDSC1::1495::Olaparib,GDSC1,1495,source_drug,879,1.0270824642804324,True
/Users/mycomputer/Documents/New project/real_app_gdsc/data/processed/gdsc_gdsc1_299_osi_027.npz,OSI-027,GDSC1::299::OSI-027,GDSC1,299,source_drug,878,2.2854314907492346,True
/Users/mycomputer/Documents/New project/real_app_gdsc/data/processed/gdsc_gdsc1_474_arry_520.npz,ARRY-520,GDSC1::474::ARRY-520,GDSC1,474,source_drug,878,2.1219306382356335,True
/Users/mycomputer/Documents/New project/real_app_gdsc/data/processed/gdsc_gdsc1_428_pemetrexed.npz,Pemetrexed,GDSC1::428::Pemetrexed,GDSC1,428,source_drug,878,1.86711246708466,True
/Users/mycomputer/Documents/New project/real_app_gdsc/data/processed/gdsc_gdsc1_1061_sb590885.npz,SB590885,GDSC1::1061::SB590885,GDSC1,1061,source_drug,878,1.1960529187355518,True
/Users/mycomputer/Documents/New project/real_app_gdsc/data/processed/gdsc_gdsc1_344_thz_2_49.npz,THZ-2-49,GDSC1::344::THZ-2-49,GDSC1,344,source_drug,877,2.2847631910455752,True
/Users/mycomputer/Documents/New project/real_app_gdsc/data/processed/gdsc_gdsc1_272_ar_42.npz,AR-42,GDSC1::272::AR-42,GDSC1,272,source_drug,877,1.6953290495371764,True
/Users/mycomputer/Documents/New project/real_app_gdsc/data/processed/gdsc_gdsc1_438_panobinostat.npz,Panobinostat,GDSC1::438::Panobinostat,GDSC1,438,source_drug,877,1.3159748114955288,True
/Users/mycomputer/Documents/New project/real_app_gdsc/data/processed/gdsc_gdsc1_431_alisertib.npz,Alisertib,GDSC1::431::Alisertib,GDSC1,431,source_drug,872,1.8151853537488187,True
/Users/mycomputer/Documents/New project/real_app_gdsc/data/processed/gdsc_gdsc1_273_cudc_101.npz,CUDC-101,GDSC1::273::CUDC-101,GDSC1,273,source_drug,871,1.7403369397046875,True
/Users/mycomputer/Documents/New project/real_app_gdsc/data/processed/gdsc_gdsc1_1054_palbociclib.npz,Palbociclib,GDSC1::1054::Palbociclib,GDSC1,1054,source_drug,871,1.5227284583614313,True
/Users/mycomputer/Documents/New project/real_app_gdsc/data/processed/gdsc_gdsc1_1053_mk_2206.npz,MK-2206,GDSC1::1053::MK-2206,GDSC1,1053,source_drug,871,1.3543042660583806,True
/Users/mycomputer/Documents/New project/real_app_gdsc/data/processed/gdsc_gdsc2_1507_ruxolitinib.npz,Ruxolitinib,GDSC2::1507::Ruxolitinib,GDSC2,1507,source_drug,871,1.1399875174895957,True
/Users/mycomputer/Documents/New project/real_app_gdsc/data/processed/gdsc_gdsc2_1593_entinostat.npz,Entinostat,GDSC2::1593::Entinostat,GDSC2,1593,source_drug,870,1.6253699908552575,True
/Users/mycomputer/Documents/New project/real_app_gdsc/data/processed/gdsc_gdsc2_1553_uprosertib.npz,Uprosertib,GDSC2::1553::Uprosertib,GDSC2,1553,source_drug,870,1.6034282332036203,True
/Users/mycomputer/Documents/New project/real_app_gdsc/data/processed/gdsc_gdsc1_346_thz_2_102_1.npz,THZ-2-102-1,GDSC1::346::THZ-2-102-1,GDSC1,346,source_drug,868,2.625263323253398,True
/Users/mycomputer/Documents/New project/real_app_gdsc/data/processed/gdsc_gdsc1_1263_unc0642.npz,UNC0642,GDSC1::1263::UNC0642,GDSC1,1263,source_drug,868,0.6092811487656464,True
/Users/mycomputer/Documents/New project/real_app_gdsc/data/processed/gdsc_gdsc2_1131_prima_1met.npz,PRIMA-1MET,GDSC2::1131::PRIMA-1MET,GDSC2,1131,source_drug,867,1.8003922025995651,True
/Users/mycomputer/Documents/New project/real_app_gdsc/data/processed/gdsc_gdsc2_1613_ve_822.npz,VE-822,GDSC2::1613::VE-822,GDSC2,1613,source_drug,867,1.7816591127761137,True
/Users/mycomputer/Documents/New project/real_app_gdsc/data/processed/gdsc_gdsc2_1855_kras_g12c_inhibitor_12.npz,KRAS (G12C) Inhibitor-12,GDSC2::1855::KRAS (G12C) Inhibitor-12,GDSC2,1855,source_drug,867,1.533582054262805,True
/Users/mycomputer/Documents/New project/real_app_gdsc/data/processed/gdsc_gdsc2_1177_niraparib.npz,Niraparib,GDSC2::1177::Niraparib,GDSC2,1177,source_drug,867,1.503404140746165,True
/Users/mycomputer/Documents/New project/real_app_gdsc/data/processed/gdsc_gdsc2_1631_prt062607.npz,PRT062607,GDSC2::1631::PRT062607,GDSC2,1631,source_drug,867,1.4012849322653091,True
/Users/mycomputer/Documents/New project/real_app_gdsc/data/processed/gdsc_gdsc2_1614_wz4003.npz,WZ4003,GDSC2::1614::WZ4003,GDSC2,1614,source_drug,867,1.3733322091637825,True
/Users/mycomputer/Documents/New project/real_app_gdsc/data/processed/gdsc_gdsc2_1621_pci_34051.npz,PCI-34051,GDSC2::1621::PCI-34051,GDSC2,1621,source_drug,867,1.2761791831703897,True
/Users/mycomputer/Documents/New project/real_app_gdsc/data/processed/gdsc_gdsc2_1630_entospletinib.npz,Entospletinib,GDSC2::1630::Entospletinib,GDSC2,1630,source_drug,867,1.2202761667194972,True
/Users/mycomputer/Documents/New project/real_app_gdsc/data/processed/gdsc_gdsc2_1048_mirin.npz,Mirin,GDSC2::1048::Mirin,GDSC2,1048,source_drug,867,1.1905495097602292,True
/Users/mycomputer/Documents/New project/real_app_gdsc/data/processed/gdsc_gdsc2_1853_of_1.npz,OF-1,GDSC2::1853::OF-1,GDSC2,1853,source_drug,867,1.1713062737281716,True
/Users/mycomputer/Documents/New project/real_app_gdsc/data/processed/gdsc_gdsc2_1622_wnt_c59.npz,Wnt-C59,GDSC2::1622::Wnt-C59,GDSC2,1622,source_drug,867,1.099739523886756,True
/Users/mycomputer/Documents/New project/real_app_gdsc/data/processed/gdsc_gdsc2_1854_mn_64.npz,MN-64,GDSC2::1854::MN-64,GDSC2,1854,source_drug,867,1.034491201101957,True
/Users/mycomputer/Documents/New project/real_app_gdsc/data/processed/gdsc_gdsc2_1615_czc24832.npz,CZC24832,GDSC2::1615::CZC24832,GDSC2,1615,source_drug,867,0.9475370180214361,True
/Users/mycomputer/Documents/New project/real_app_gdsc/data/processed/gdsc_gdsc2_1578_leflunomide.npz,Leflunomide,GDSC2::1578::Leflunomide,GDSC2,1578,source_drug,867,0.9129278887210395,True
/Users/mycomputer/Documents/New project/real_app_gdsc/data/processed/gdsc_gdsc2_1620_pfi3.npz,PFI3,GDSC2::1620::PFI3,GDSC2,1620,source_drug,867,0.838372485085544,True
/Users/mycomputer/Documents/New project/real_app_gdsc/data/processed/gdsc_gdsc2_1626_otx015.npz,OTX015,GDSC2::1626::OTX015,GDSC2,1626,source_drug,866,1.8733420667022003,True
/Users/mycomputer/Documents/New project/real_app_gdsc/data/processed/gdsc_gdsc2_1624_i_bet_762.npz,I-BET-762,GDSC2::1624::I-BET-762,GDSC2,1624,source_drug,866,1.5858766699539706,True
/Users/mycomputer/Documents/New project/real_app_gdsc/data/processed/gdsc_gdsc2_1557_lcl161.npz,LCL161,GDSC2::1557::LCL161,GDSC2,1557,source_drug,866,1.2144343318752084,True
/Users/mycomputer/Documents/New project/real_app_gdsc/data/processed/gdsc_gdsc2_1634_agi_6780.npz,AGI-6780,GDSC2::1634::AGI-6780,GDSC2,1634,source_drug,866,1.0805240199322657,True
/Users/mycomputer/Documents/New project/real_app_gdsc/data/processed/gdsc_gdsc2_1625_rvx_208.npz,RVX-208,GDSC2::1625::RVX-208,GDSC2,1625,source_drug,866,1.0768619004581776,True
/Users/mycomputer/Documents/New project/real_app_gdsc/data/processed/gdsc_gdsc2_1268_xav939.npz,XAV939,GDSC2::1268::XAV939,GDSC2,1268,source_drug,866,0.9765653721772743,True
/Users/mycomputer/Documents/New project/real_app_gdsc/data/processed/gdsc_gdsc2_1576_iwp_2.npz,IWP-2,GDSC2::1576::IWP-2,GDSC2,1576,source_drug,866,0.8944101553411888,True
/Users/mycomputer/Documents/New project/real_app_gdsc/data/processed/gdsc_gdsc2_1627_gsk343.npz,GSK343,GDSC2::1627::GSK343,GDSC2,1627,source_drug,866,0.8705812222450513,True
/Users/mycomputer/Documents/New project/real_app_gdsc/data/processed/gdsc_gdsc2_1635_picolinici_acid.npz,Picolinici-acid,GDSC2::1635::Picolinici-acid,GDSC2,1635,source_drug,866,0.8039145611457678,True
/Users/mycomputer/Documents/New project/real_app_gdsc/data/processed/gdsc_gdsc1_1372_trametinib.npz,Trametinib,GDSC1::1372::Trametinib,GDSC1,1372,source_drug,865,2.493853139343681,True
/Users/mycomputer/Documents/New project/real_app_gdsc/data/processed/gdsc_gdsc1_274_belinostat.npz,Belinostat,GDSC1::274::Belinostat,GDSC1,274,source_drug,865,1.8716718322883599,True
/Users/mycomputer/Documents/New project/real_app_gdsc/data/processed/gdsc_gdsc2_1250_az960.npz,AZ960,GDSC2::1250::AZ960,GDSC2,1250,source_drug,865,1.7160338042070795,True
/Users/mycomputer/Documents/New project/real_app_gdsc/data/processed/gdsc_gdsc2_1249_bms_345541.npz,BMS-345541,GDSC2::1249::BMS-345541,GDSC2,1249,source_drug,865,1.311083105596296,True
/Users/mycomputer/Documents/New project/real_app_gdsc/data/processed/gdsc_gdsc2_1849_sabutoclax.npz,Sabutoclax,GDSC2::1849::Sabutoclax,GDSC2,1849,source_drug,865,1.2766206995699887,True
/Users/mycomputer/Documents/New project/real_app_gdsc/data/processed/gdsc_gdsc2_1629_ml323.npz,ML323,GDSC2::1629::ML323,GDSC2,1629,source_drug,865,1.0425675210085155,True
/Users/mycomputer/Documents/New project/real_app_gdsc/data/processed/gdsc_gdsc2_1852_ly2109761.npz,LY2109761,GDSC2::1852::LY2109761,GDSC2,1852,source_drug,865,1.032109689292875,True
/Users/mycomputer/Documents/New project/real_app_gdsc/data/processed/gdsc_gdsc2_1180_dinaciclib.npz,Dinaciclib,GDSC2::1180::Dinaciclib,GDSC2,1180,source_drug,864,1.4769196275971275,True
/Users/mycomputer/Documents/New project/real_app_gdsc/data/processed/gdsc_gdsc2_1799_ibrutinib.npz,Ibrutinib,GDSC2::1799::Ibrutinib,GDSC2,1799,source_drug,863,1.809168602834966,True
/Users/mycomputer/Documents/New project/real_app_gdsc/data/processed/gdsc_gdsc1_1062_selumetinib.npz,Selumetinib,GDSC1::1062::Selumetinib,GDSC1,1062,source_drug,863,1.5043584389560283,True
/Users/mycomputer/Documents/New project/real_app_gdsc/data/processed/gdsc_gdsc1_1248_daporinad.npz,Daporinad,GDSC1::1248::Daporinad,GDSC1,1248,source_drug,862,3.0726605708899033,True
/Users/mycomputer/Documents/New project/real_app_gdsc/data/processed/gdsc_gdsc1_153_midostaurin.npz,Midostaurin,GDSC1::153::Midostaurin,GDSC1,153,source_drug,860,1.2593292807105505,True
/Users/mycomputer/Documents/New project/real_app_gdsc/data/processed/gdsc_gdsc1_1497_azd4547.npz,AZD4547,GDSC1::1497::AZD4547,GDSC1,1497,source_drug,860,1.0988159942964506,True
/Users/mycomputer/Documents/New project/real_app_gdsc/data/processed/gdsc_gdsc1_140_vinorelbine.npz,Vinorelbine,GDSC1::140::Vinorelbine,GDSC1,140,source_drug,859,1.6300713975883983,True
/Users/mycomputer/Documents/New project/real_app_gdsc/data/processed/gdsc_gdsc2_1618_gsk2606414.npz,GSK2606414,GDSC2::1618::GSK2606414,GDSC2,1618,source_drug,859,1.2160690920855242,True
/Users/mycomputer/Documents/New project/real_app_gdsc/data/processed/gdsc_gdsc1_166_fti_277.npz,FTI-277,GDSC1::166::FTI-277,GDSC1,166,source_drug,859,0.767808080526699,True
/Users/mycomputer/Documents/New project/real_app_gdsc/data/processed/gdsc_gdsc1_134_etoposide.npz,Etoposide,GDSC1::134::Etoposide,GDSC1,134,source_drug,858,1.961789917191135,True
/Users/mycomputer/Documents/New project/real_app_gdsc/data/processed/gdsc_gdsc1_163_jq1.npz,JQ1,GDSC1::163::JQ1,GDSC1,163,source_drug,858,1.5251556237195953,True
/Users/mycomputer/Documents/New project/real_app_gdsc/data/processed/gdsc_gdsc1_157_jnk_9l.npz,JNK-9L,GDSC1::157::JNK-9L,GDSC1,157,source_drug,858,1.075069574700277,True
/Users/mycomputer/Documents/New project/real_app_gdsc/data/processed/gdsc_gdsc1_155_ponatinib.npz,Ponatinib,GDSC1::155::Ponatinib,GDSC1,155,source_drug,856,1.6080759047114006,True
/Users/mycomputer/Documents/New project/real_app_gdsc/data/processed/gdsc_gdsc1_171_akt_inhibitor_viii.npz,AKT inhibitor VIII,GDSC1::171::AKT inhibitor VIII,GDSC1,171,source_drug,856,1.0058597034518089,True
/Users/mycomputer/Documents/New project/real_app_gdsc/data/processed/gdsc_gdsc1_154_chir_99021.npz,CHIR-99021,GDSC1::154::CHIR-99021,GDSC1,154,source_drug,856,0.9293881570943081,True
/Users/mycomputer/Documents/New project/real_app_gdsc/data/processed/gdsc_gdsc1_147_nsc_87877.npz,NSC-87877,GDSC1::147::NSC-87877,GDSC1,147,source_drug,856,0.852157940392832,True
/Users/mycomputer/Documents/New project/real_app_gdsc/data/processed/gdsc_gdsc1_165_dmog.npz,DMOG,GDSC1::165::DMOG,GDSC1,165,source_drug,855,1.426571313115352,True
/Users/mycomputer/Documents/New project/real_app_gdsc/data/processed/gdsc_gdsc1_156_azd6482.npz,AZD6482,GDSC1::156::AZD6482,GDSC1,156,source_drug,855,1.3687699860766676,True
/Users/mycomputer/Documents/New project/real_app_gdsc/data/processed/gdsc_gdsc1_1527_pictilisib.npz,Pictilisib,GDSC1::1527::Pictilisib,GDSC1,1527,source_drug,855,1.2848011592682305,True
/Users/mycomputer/Documents/New project/real_app_gdsc/data/processed/gdsc_gdsc2_1008_methotrexate.npz,Methotrexate,GDSC2::1008::Methotrexate,GDSC2,1008,source_drug,854,2.4914345078142066,True
/Users/mycomputer/Documents/New project/real_app_gdsc/data/processed/gdsc_gdsc2_1617_azd5582.npz,AZD5582,GDSC2::1617::AZD5582,GDSC2,1617,source_drug,854,2.3258751793800347,True
/Users/mycomputer/Documents/New project/real_app_gdsc/data/processed/gdsc_gdsc1_461_nsc319726.npz,NSC319726,GDSC1::461::NSC319726,GDSC1,461,source_drug,854,2.160128036659959,True
/Users/mycomputer/Documents/New project/real_app_gdsc/data/processed/gdsc_gdsc1_159_hg6_64_1.npz,HG6-64-1,GDSC1::159::HG6-64-1,GDSC1,159,source_drug,854,1.6490685345637404,True
/Users/mycomputer/Documents/New project/real_app_gdsc/data/processed/gdsc_gdsc1_164_jq12.npz,JQ12,GDSC1::164::JQ12,GDSC1,164,source_drug,852,1.6560880140802736,True
/Users/mycomputer/Documents/New project/real_app_gdsc/data/processed/gdsc_gdsc1_170_shikonin.npz,Shikonin,GDSC1::170::Shikonin,GDSC1,170,source_drug,852,1.3354088816855267,True
/Users/mycomputer/Documents/New project/real_app_gdsc/data/processed/gdsc_gdsc1_172_embelin.npz,Embelin,GDSC1::172::Embelin,GDSC1,172,source_drug,852,1.0285579241494838,True
/Users/mycomputer/Documents/New project/real_app_gdsc/data/processed/gdsc_gdsc1_151_qs11.npz,QS11,GDSC1::151::QS11,GDSC1,151,source_drug,851,1.3903473769124912,True
/Users/mycomputer/Documents/New project/real_app_gdsc/data/processed/gdsc_gdsc1_1502_bicalutamide.npz,Bicalutamide,GDSC1::1502::Bicalutamide,GDSC1,1502,source_drug,851,0.6423139243387861,True
/Users/mycomputer/Documents/New project/real_app_gdsc/data/processed/gdsc_gdsc1_268_sepantronium_bromide.npz,Sepantronium bromide,GDSC1::268::Sepantronium bromide,GDSC1,268,source_drug,850,2.384451553058811,True
/Users/mycomputer/Documents/New project/real_app_gdsc/data/processed/gdsc_gdsc1_371_torin_2.npz,Torin 2,GDSC1::371::Torin 2,GDSC1,371,source_drug,850,1.942901580667333,True
/Users/mycomputer/Documents/New project/real_app_gdsc/data/processed/gdsc_gdsc1_204_tipifarnib.npz,Tipifarnib,GDSC1::204::Tipifarnib,GDSC1,204,source_drug,850,1.6652652926721225,True
/Users/mycomputer/Documents/New project/real_app_gdsc/data/processed/gdsc_gdsc1_178_bay_61_3606.npz,BAY-61-3606,GDSC1::178::BAY-61-3606,GDSC1,178,source_drug,850,1.493046276703345,True
/Users/mycomputer/Documents/New project/real_app_gdsc/data/processed/gdsc_gdsc1_200_dacinostat.npz,Dacinostat,GDSC1::200::Dacinostat,GDSC1,200,source_drug,850,1.2161929697750737,True
/Users/mycomputer/Documents/New project/real_app_gdsc/data/processed/gdsc_gdsc1_192_lfm_a13.npz,LFM-A13,GDSC1::192::LFM-A13,GDSC1,192,source_drug,850,0.7240172519954864,True
/Users/mycomputer/Documents/New project/real_app_gdsc/data/processed/gdsc_gdsc1_150_bicalutamide.npz,Bicalutamide,GDSC1::150::Bicalutamide,GDSC1,150,source_drug,850,0.5394997178721388,True
/Users/mycomputer/Documents/New project/real_app_gdsc/data/processed/gdsc_gdsc1_133_doxorubicin.npz,Doxorubicin,GDSC1::133::Doxorubicin,GDSC1,133,source_drug,849,1.6634768303217604,True
/Users/mycomputer/Documents/New project/real_app_gdsc/data/processed/gdsc_gdsc1_136_mitomycin_c.npz,Mitomycin-C,GDSC1::136::Mitomycin-C,GDSC1,136,source_drug,849,1.5855380108813968,True
/Users/mycomputer/Documents/New project/real_app_gdsc/data/processed/gdsc_gdsc1_167_osu_03012.npz,OSU-03012,GDSC1::167::OSU-03012,GDSC1,167,source_drug,849,1.2655240092622833,True
/Users/mycomputer/Documents/New project/real_app_gdsc/data/processed/gdsc_gdsc1_207_as601245.npz,AS601245,GDSC1::207::AS601245,GDSC1,207,source_drug,849,1.1543266515470676,True
/Users/mycomputer/Documents/New project/real_app_gdsc/data/processed/gdsc_gdsc1_1114_cetuximab.npz,Cetuximab,GDSC1::1114::Cetuximab,GDSC1,1114,source_drug,849,1.0007736682247883,True
/Users/mycomputer/Documents/New project/real_app_gdsc/data/processed/gdsc_gdsc1_202_gsk1904529a.npz,GSK1904529A,GDSC1::202::GSK1904529A,GDSC1,202,source_drug,849,0.6897242539946612,True
/Users/mycomputer/Documents/New project/real_app_gdsc/data/processed/gdsc_gdsc1_1526_refametinib.npz,Refametinib,GDSC1::1526::Refametinib,GDSC1,1526,source_drug,848,1.691783536748666,True
/Users/mycomputer/Documents/New project/real_app_gdsc/data/processed/gdsc_gdsc1_176_ipa_3.npz,IPA-3,GDSC1::176::IPA-3,GDSC1,176,source_drug,848,1.5829563180679578,True
/Users/mycomputer/Documents/New project/real_app_gdsc/data/processed/gdsc_gdsc1_226_gsk1070916.npz,GSK1070916,GDSC1::226::GSK1070916,GDSC1,226,source_drug,847,2.1805120420364243,True
/Users/mycomputer/Documents/New project/real_app_gdsc/data/processed/gdsc_gdsc1_201_epothilone_b.npz,Epothilone B,GDSC1::201::Epothilone B,GDSC1,201,source_drug,847,1.8530694919742752,True
/Users/mycomputer/Documents/New project/real_app_gdsc/data/processed/gdsc_gdsc1_173_fh535.npz,FH535,GDSC1::173::FH535,GDSC1,173,source_drug,847,1.2210631717315756,True
/Users/mycomputer/Documents/New project/real_app_gdsc/data/processed/gdsc_gdsc1_185_linsitinib.npz,Linsitinib,GDSC1::185::Linsitinib,GDSC1,185,source_drug,846,1.438285406868913,True
/Users/mycomputer/Documents/New project/real_app_gdsc/data/processed/gdsc_gdsc1_199_pazopanib.npz,Pazopanib,GDSC1::199::Pazopanib,GDSC1,199,source_drug,846,1.2992777380734624,True
/Users/mycomputer/Documents/New project/real_app_gdsc/data/processed/gdsc_gdsc1_197_bryostatin_1.npz,Bryostatin 1,GDSC1::197::Bryostatin 1,GDSC1,197,source_drug,846,0.8457215939409964,True
/Users/mycomputer/Documents/New project/real_app_gdsc/data/processed/gdsc_gdsc1_158_pf_562271.npz,PF-562271,GDSC1::158::PF-562271,GDSC1,158,source_drug,845,1.072221420008002,True
/Users/mycomputer/Documents/New project/real_app_gdsc/data/processed/gdsc_gdsc1_1373_dabrafenib.npz,Dabrafenib,GDSC1::1373::Dabrafenib,GDSC1,1373,source_drug,844,1.9542313715121702,True
/Users/mycomputer/Documents/New project/real_app_gdsc/data/processed/gdsc_gdsc1_184_bms_754807.npz,BMS-754807,GDSC1::184::BMS-754807,GDSC1,184,source_drug,844,1.6774044843622324,True
/Users/mycomputer/Documents/New project/real_app_gdsc/data/processed/gdsc_gdsc1_177_gsk650394.npz,GSK650394,GDSC1::177::GSK650394,GDSC1,177,source_drug,843,1.6100970900973157,True
/Users/mycomputer/Documents/New project/real_app_gdsc/data/processed/gdsc_gdsc1_182_obatoclax_mesylate.npz,Obatoclax Mesylate,GDSC1::182::Obatoclax Mesylate,GDSC1,182,source_drug,842,1.7200384691188029,True
/Users/mycomputer/Documents/New project/real_app_gdsc/data/processed/gdsc_gdsc1_194_luminespib.npz,Luminespib,GDSC1::194::Luminespib,GDSC1,194,source_drug,841,1.6003280692480832,True
/Users/mycomputer/Documents/New project/real_app_gdsc/data/processed/gdsc_gdsc1_186_bexarotene.npz,Bexarotene,GDSC1::186::Bexarotene,GDSC1,186,source_drug,840,1.0916205555987821,True
/Users/mycomputer/Documents/New project/real_app_gdsc/data/processed/gdsc_gdsc1_135_gemcitabine.npz,Gemcitabine,GDSC1::135::Gemcitabine,GDSC1,135,source_drug,838,2.7209574689106524,True
/Users/mycomputer/Documents/New project/real_app_gdsc/data/processed/gdsc_gdsc1_175_pac_1.npz,PAC-1,GDSC1::175::PAC-1,GDSC1,175,source_drug,836,1.2232506098416924,True
/Users/mycomputer/Documents/New project/real_app_gdsc/data/processed/gdsc_gdsc1_190_bleomycin.npz,Bleomycin,GDSC1::190::Bleomycin,GDSC1,190,source_drug,835,2.2927454557850924,True
/Users/mycomputer/Documents/New project/real_app_gdsc/data/processed/gdsc_gdsc1_1048_mirin.npz,Mirin,GDSC1::1048::Mirin,GDSC1,1048,source_drug,833,1.2698644922420959,True
/Users/mycomputer/Documents/New project/real_app_gdsc/data/processed/gdsc_gdsc1_180_thapsigargin.npz,Thapsigargin,GDSC1::180::Thapsigargin,GDSC1,180,source_drug,832,2.003921257712187,True
/Users/mycomputer/Documents/New project/real_app_gdsc/data/processed/gdsc_gdsc1_1046_wee1_inhibitor.npz,Wee1 Inhibitor,GDSC1::1046::Wee1 Inhibitor,GDSC1,1046,source_drug,827,1.1052620616981463,True
/Users/mycomputer/Documents/New project/real_app_gdsc/data/processed/gdsc_gdsc1_1025_sb216763.npz,SB216763,GDSC1::1025::SB216763,GDSC1,1025,source_drug,824,0.8577487561568928,True
/Users/mycomputer/Documents/New project/real_app_gdsc/data/processed/gdsc_gdsc1_1368_bay_mps1.npz,BAY-MPS1,GDSC1::1368::BAY-MPS1,GDSC1,1368,source_drug,823,1.5888940989252092,True
/Users/mycomputer/Documents/New project/real_app_gdsc/data/processed/gdsc_gdsc1_1364_bay_hdac11_1.npz,BAY-HDAC11_1,GDSC1::1364::BAY-HDAC11_1,GDSC1,1364,source_drug,823,1.3001966691073,True
/Users/mycomputer/Documents/New project/real_app_gdsc/data/processed/gdsc_gdsc1_1363_bay_akt1.npz,BAY AKT1,GDSC1::1363::BAY AKT1,GDSC1,1363,source_drug,822,1.4851268389978673,True
/Users/mycomputer/Documents/New project/real_app_gdsc/data/processed/gdsc_gdsc1_1365_bay_hdac11_2.npz,BAY-HDAC11_2,GDSC1::1365::BAY-HDAC11_2,GDSC1,1365,source_drug,822,1.1481180156571298,True
/Users/mycomputer/Documents/New project/real_app_gdsc/data/processed/gdsc_gdsc1_1367_bay_hdac11_4.npz,BAY-HDAC11_4,GDSC1::1367::BAY-HDAC11_4,GDSC1,1367,source_drug,822,1.0364941041285667,True
/Users/mycomputer/Documents/New project/real_app_gdsc/data/processed/gdsc_gdsc1_1362_bay_acci.npz,BAY ACCi,GDSC1::1362::BAY ACCi,GDSC1,1362,source_drug,822,0.836028275615783,True
/Users/mycomputer/Documents/New project/real_app_gdsc/data/processed/gdsc_gdsc1_1360_993_d2.npz,993-D2,GDSC1::1360::993-D2,GDSC1,1360,source_drug,821,0.803870703344356,True
/Users/mycomputer/Documents/New project/real_app_gdsc/data/processed/gdsc_gdsc1_1530_pfi_3.npz,PFI-3,GDSC1::1530::PFI-3,GDSC1,1530,source_drug,821,0.614077338103083,True
/Users/mycomputer/Documents/New project/real_app_gdsc/data/processed/gdsc_gdsc1_1359_965_d2.npz,965-D2,GDSC1::1359::965-D2,GDSC1,1359,source_drug,819,1.0583339318031508,True
/Users/mycomputer/Documents/New project/real_app_gdsc/data/processed/gdsc_gdsc1_1531_i_cbp112.npz,I-CBP112,GDSC1::1531::I-CBP112,GDSC1,1531,source_drug,817,0.6921815486833913,True
/Users/mycomputer/Documents/New project/real_app_gdsc/data/processed/gdsc_gdsc2_1068_obatoclax_mesylate.npz,Obatoclax Mesylate,GDSC2::1068::Obatoclax Mesylate,GDSC2,1068,source_drug,782,1.1198922195232552,True
/Users/mycomputer/Documents/New project/real_app_gdsc/data/processed/gdsc_gdsc1_1239_yk_4_279.npz,YK-4-279,GDSC1::1239::YK-4-279,GDSC1,1239,source_drug,767,1.2608284731052948,True
/Users/mycomputer/Documents/New project/real_app_gdsc/data/processed/gdsc_gdsc1_231_fmk.npz,FMK,GDSC1::231::FMK,GDSC1,231,source_drug,766,0.8377667605717772,True
/Users/mycomputer/Documents/New project/real_app_gdsc/data/processed/gdsc_gdsc2_1005_cisplatin.npz,Cisplatin,GDSC2::1005::Cisplatin,GDSC2,1005,source_drug,757,1.843308622505088,True
/Users/mycomputer/Documents/New project/real_app_gdsc/data/processed/gdsc_gdsc2_1059_azd8055.npz,AZD8055,GDSC2::1059::AZD8055,GDSC2,1059,source_drug,741,1.3729170830346433,True
/Users/mycomputer/Documents/New project/real_app_gdsc/data/processed/gdsc_gdsc2_1006_cytarabine.npz,Cytarabine,GDSC2::1006::Cytarabine,GDSC2,1006,source_drug,740,2.2778424525925764,True
/Users/mycomputer/Documents/New project/real_app_gdsc/data/processed/gdsc_gdsc2_1939_umi_77.npz,UMI-77,GDSC2::1939::UMI-77,GDSC2,1939,source_drug,740,1.3329129010840828,True
/Users/mycomputer/Documents/New project/real_app_gdsc/data/processed/gdsc_gdsc2_1866_bdp_00009066.npz,BDP-00009066,GDSC2::1866::BDP-00009066,GDSC2,1866,source_drug,740,1.208606320438232,True
/Users/mycomputer/Documents/New project/real_app_gdsc/data/processed/gdsc_gdsc2_1996_mim1.npz,MIM1,GDSC2::1996::MIM1,GDSC2,1996,source_drug,740,1.1983525296644366,True
/Users/mycomputer/Documents/New project/real_app_gdsc/data/processed/gdsc_gdsc2_1998_bpd_00008900.npz,BPD-00008900,GDSC2::1998::BPD-00008900,GDSC2,1998,source_drug,740,1.1421086403962906,True
/Users/mycomputer/Documents/New project/real_app_gdsc/data/processed/gdsc_gdsc2_2002_n30652_18_1.npz,N30652-18-1,GDSC2::2002::N30652-18-1,GDSC2,2002,source_drug,740,1.1155585056471948,True
/Users/mycomputer/Documents/New project/real_app_gdsc/data/processed/gdsc_gdsc2_2000_n27922_53_1.npz,N27922-53-1,GDSC2::2000::N27922-53-1,GDSC2,2000,source_drug,740,0.9677570171391396,True
/Users/mycomputer/Documents/New project/real_app_gdsc/data/processed/gdsc_gdsc2_2003_n29087_69_1.npz,N29087-69-1,GDSC2::2003::N29087-69-1,GDSC2,2003,source_drug,740,0.9648485970347983,True
/Users/mycomputer/Documents/New project/real_app_gdsc/data/processed/gdsc_gdsc2_1999_n25720_51_a1.npz,N25720-51-A1,GDSC2::1999::N25720-51-A1,GDSC2,1999,source_drug,739,1.5442517319369522,True
/Users/mycomputer/Documents/New project/real_app_gdsc/data/processed/gdsc_gdsc2_1004_vinblastine.npz,Vinblastine,GDSC2::1004::Vinblastine,GDSC2,1004,source_drug,738,2.1789571946486856,True
/Users/mycomputer/Documents/New project/real_app_gdsc/data/processed/gdsc_gdsc2_2010_hkmti_1_005.npz,HKMTI-1-005,GDSC2::2010::HKMTI-1-005,GDSC2,2010,source_drug,738,1.5863181780155058,True
/Users/mycomputer/Documents/New project/real_app_gdsc/data/processed/gdsc_gdsc2_2145_pbd_288.npz,PBD-288,GDSC2::2145::PBD-288,GDSC2,2145,source_drug,738,1.5849669382706078,True
/Users/mycomputer/Documents/New project/real_app_gdsc/data/processed/gdsc_gdsc2_2159_unc0379.npz,UNC0379,GDSC2::2159::UNC0379,GDSC2,2159,source_drug,738,1.4455622825839245,True
/Users/mycomputer/Documents/New project/real_app_gdsc/data/processed/gdsc_gdsc2_2158_cpi_637.npz,CPI-637,GDSC2::2158::CPI-637,GDSC2,2158,source_drug,738,1.4379743608637068,True
/Users/mycomputer/Documents/New project/real_app_gdsc/data/processed/gdsc_gdsc2_2037_gsk343.npz,GSK343,GDSC2::2037::GSK343,GDSC2,2037,source_drug,738,1.355341935680417,True
/Users/mycomputer/Documents/New project/real_app_gdsc/data/processed/gdsc_gdsc2_2148_pomhex.npz,POMHEX,GDSC2::2148::POMHEX,GDSC2,2148,source_drug,738,1.2801039199360351,True
/Users/mycomputer/Documents/New project/real_app_gdsc/data/processed/gdsc_gdsc2_2149_ct7033_2.npz,CT7033-2,GDSC2::2149::CT7033-2,GDSC2,2149,source_drug,738,1.2437506367594364,True
/Users/mycomputer/Documents/New project/real_app_gdsc/data/processed/gdsc_gdsc2_2157_a_366.npz,A-366,GDSC2::2157::A-366,GDSC2,2157,source_drug,738,1.0234123562116044,True
/Users/mycomputer/Documents/New project/real_app_gdsc/data/processed/gdsc_gdsc2_2047_ulixertinib.npz,Ulixertinib,GDSC2::2047::Ulixertinib,GDSC2,2047,source_drug,737,1.5385593413248435,True
/Users/mycomputer/Documents/New project/real_app_gdsc/data/processed/gdsc_gdsc2_2156_5_azacytidine.npz,5-azacytidine,GDSC2::2156::5-azacytidine,GDSC2,2156,source_drug,737,1.3910531646408244,True
/Users/mycomputer/Documents/New project/real_app_gdsc/data/processed/gdsc_gdsc2_2011_icl_sirt078.npz,ICL-SIRT078,GDSC2::2011::ICL-SIRT078,GDSC2,2011,source_drug,737,1.3837598073535076,True
/Users/mycomputer/Documents/New project/real_app_gdsc/data/processed/gdsc_gdsc2_2154_gsk_lsd1_2hcl.npz,GSK-LSD1-2HCl ,GDSC2::2154::GSK-LSD1-2HCl,GDSC2,2154,source_drug,736,0.94853631256903,True
/Users/mycomputer/Documents/New project/real_app_gdsc/data/processed/gdsc_gdsc2_2055_mycophenolic_acid.npz,Mycophenolic acid,GDSC2::2055::Mycophenolic acid,GDSC2,2055,source_drug,734,1.5351103350545252,True
/Users/mycomputer/Documents/New project/real_app_gdsc/data/processed/gdsc_gdsc2_2112_vtp_a.npz,VTP-A,GDSC2::2112::VTP-A,GDSC2,2112,source_drug,734,0.8684433669811898,True
/Users/mycomputer/Documents/New project/real_app_gdsc/data/processed/gdsc_gdsc2_2113_vtp_b.npz,VTP-B,GDSC2::2113::VTP-B,GDSC2,2113,source_drug,734,0.8180745317131018,True
/Users/mycomputer/Documents/New project/real_app_gdsc/data/processed/gdsc_gdsc2_2106_uprosertib.npz,Uprosertib,GDSC2::2106::Uprosertib,GDSC2,2106,source_drug,733,1.8162509605053014,True
/Users/mycomputer/Documents/New project/real_app_gdsc/data/processed/gdsc_gdsc2_2498_alpha_lipoic_acid.npz,alpha-lipoic acid,GDSC2::2498::alpha-lipoic acid,GDSC2,2498,source_drug,731,0.9663115262222728,True
/Users/mycomputer/Documents/New project/real_app_gdsc/data/processed/gdsc_gdsc2_2499_n_acetyl_cysteine.npz,N-acetyl cysteine,GDSC2::2499::N-acetyl cysteine,GDSC2,2499,source_drug,731,0.8669924901607401,True
/Users/mycomputer/Documents/New project/real_app_gdsc/data/processed/gdsc_gdsc2_2038_unc0638.npz,UNC0638,GDSC2::2038::UNC0638,GDSC2,2038,source_drug,729,1.420427281022082,True
/Users/mycomputer/Documents/New project/real_app_gdsc/data/processed/gdsc_gdsc2_1378_bleomycin_50_um.npz,Bleomycin (50 uM),GDSC2::1378::Bleomycin (50 uM),GDSC2,1378,source_drug,728,2.0754157221543963,True
/Users/mycomputer/Documents/New project/real_app_gdsc/data/processed/gdsc_gdsc2_2438_ascorbate_vitamin_c.npz,ascorbate (vitamin C),GDSC2::2438::ascorbate (vitamin C),GDSC2,2438,source_drug,728,1.2821134249876285,True
/Users/mycomputer/Documents/New project/real_app_gdsc/data/processed/gdsc_gdsc2_2359_gsk2830371.npz,GSK2830371,GDSC2::2359::GSK2830371,GDSC2,2359,source_drug,728,1.1687804555950254,True
/Users/mycomputer/Documents/New project/real_app_gdsc/data/processed/gdsc_gdsc2_2362_thr_103.npz,THR-103,GDSC2::2362::THR-103,GDSC2,2362,source_drug,728,1.1575278957106614,True
/Users/mycomputer/Documents/New project/real_app_gdsc/data/processed/gdsc_gdsc2_2360_thr_101.npz,THR-101,GDSC2::2360::THR-101,GDSC2,2360,source_drug,728,1.0200066324671502,True
/Users/mycomputer/Documents/New project/real_app_gdsc/data/processed/gdsc_gdsc2_2361_thr_102.npz,THR-102,GDSC2::2361::THR-102,GDSC2,2361,source_drug,728,0.9697604085650938,True
/Users/mycomputer/Documents/New project/real_app_gdsc/data/processed/gdsc_gdsc2_2439_glutathione.npz,glutathione,GDSC2::2439::glutathione,GDSC2,2439,source_drug,728,0.89084127311434,True
/Users/mycomputer/Documents/New project/real_app_gdsc/data/processed/gdsc_gdsc2_1843_lmp744.npz,LMP744,GDSC2::1843::LMP744,GDSC2,1843,source_drug,715,2.329263067775831,True
/Users/mycomputer/Documents/New project/real_app_gdsc/data/processed/gdsc_gdsc2_1810_mitoxantrone.npz,Mitoxantrone,GDSC2::1810::Mitoxantrone,GDSC2,1810,source_drug,715,2.2479880849068614,True
/Users/mycomputer/Documents/New project/real_app_gdsc/data/processed/gdsc_gdsc2_1804_acetalax.npz,Acetalax,GDSC2::1804::Acetalax,GDSC2,1804,source_drug,715,2.204314232157506,True
/Users/mycomputer/Documents/New project/real_app_gdsc/data/processed/gdsc_gdsc2_1847_ben.npz,BEN,GDSC2::1847::BEN,GDSC2,1847,source_drug,715,2.129975783807348,True
/Users/mycomputer/Documents/New project/real_app_gdsc/data/processed/gdsc_gdsc2_1809_teniposide.npz,Teniposide,GDSC2::1809::Teniposide,GDSC2,1809,source_drug,715,1.982362849360229,True
/Users/mycomputer/Documents/New project/real_app_gdsc/data/processed/gdsc_gdsc2_1706_azd5153.npz,AZD5153,GDSC2::1706::AZD5153,GDSC2,1706,source_drug,715,1.9764884311707702,True
/Users/mycomputer/Documents/New project/real_app_gdsc/data/processed/gdsc_gdsc2_1808_topotecan.npz,Topotecan,GDSC2::1808::Topotecan,GDSC2,1808,source_drug,715,1.9418714759235776,True
/Users/mycomputer/Documents/New project/real_app_gdsc/data/processed/gdsc_gdsc2_1813_fludarabine.npz,Fludarabine,GDSC2::1813::Fludarabine,GDSC2,1813,source_drug,715,1.939504875051821,True
/Users/mycomputer/Documents/New project/real_app_gdsc/data/processed/gdsc_gdsc2_1736_selumetinib.npz,Selumetinib,GDSC2::1736::Selumetinib,GDSC2,1736,source_drug,715,1.9188641367114072,True
/Users/mycomputer/Documents/New project/real_app_gdsc/data/processed/gdsc_gdsc2_1803_acetalax.npz,Acetalax,GDSC2::1803::Acetalax,GDSC2,1803,source_drug,715,1.848956532913513,True
/Users/mycomputer/Documents/New project/real_app_gdsc/data/processed/gdsc_gdsc2_1840_630600.npz,630600,GDSC2::1840::630600,GDSC2,1840,source_drug,715,1.7067256547706093,True
/Users/mycomputer/Documents/New project/real_app_gdsc/data/processed/gdsc_gdsc2_1739_jak_8517.npz,JAK_8517,GDSC2::1739::JAK_8517,GDSC2,1739,source_drug,715,1.7020110837878228,True
/Users/mycomputer/Documents/New project/real_app_gdsc/data/processed/gdsc_gdsc2_1806_oxaliplatin.npz,Oxaliplatin,GDSC2::1806::Oxaliplatin,GDSC2,1806,source_drug,715,1.6321888601517631,True
/Users/mycomputer/Documents/New project/real_app_gdsc/data/processed/gdsc_gdsc2_1820_123829.npz,123829,GDSC2::1820::123829,GDSC2,1820,source_drug,715,1.6142759742194843,True
/Users/mycomputer/Documents/New project/real_app_gdsc/data/processed/gdsc_gdsc2_1713_erk_2440.npz,ERK_2440,GDSC2::1713::ERK_2440,GDSC2,1713,source_drug,715,1.582483190173956,True
/Users/mycomputer/Documents/New project/real_app_gdsc/data/processed/gdsc_gdsc2_1825_podophyllotoxin_bromide.npz,Podophyllotoxin bromide,GDSC2::1825::Podophyllotoxin bromide,GDSC2,1825,source_drug,715,1.551155105069714,True
/Users/mycomputer/Documents/New project/real_app_gdsc/data/processed/gdsc_gdsc2_1778_gsk2110183b.npz,GSK2110183B,GDSC2::1778::GSK2110183B,GDSC2,1778,source_drug,715,1.5496141504682388,True
/Users/mycomputer/Documents/New project/real_app_gdsc/data/processed/gdsc_gdsc2_1714_erk_6604.npz,ERK_6604,GDSC2::1714::ERK_6604,GDSC2,1714,source_drug,715,1.542296649517864,True
/Users/mycomputer/Documents/New project/real_app_gdsc/data/processed/gdsc_gdsc2_1463_azd1332.npz,AZD1332,GDSC2::1463::AZD1332,GDSC2,1463,source_drug,715,1.5329347022329594,True
/Users/mycomputer/Documents/New project/real_app_gdsc/data/processed/gdsc_gdsc2_1401_azd5438.npz,AZD5438,GDSC2::1401::AZD5438,GDSC2,1401,source_drug,715,1.5178216133114177,True
/Users/mycomputer/Documents/New project/real_app_gdsc/data/processed/gdsc_gdsc2_1834_743380.npz,743380,GDSC2::1834::743380,GDSC2,1834,source_drug,715,1.4832628724101977,True
/Users/mycomputer/Documents/New project/real_app_gdsc/data/processed/gdsc_gdsc2_1833_741909.npz,741909,GDSC2::1833::741909,GDSC2,1833,source_drug,715,1.4697669895178818,True
/Users/mycomputer/Documents/New project/real_app_gdsc/data/processed/gdsc_gdsc2_1835_elephantin.npz,Elephantin,GDSC2::1835::Elephantin,GDSC2,1835,source_drug,715,1.4523824562029386,True
/Users/mycomputer/Documents/New project/real_app_gdsc/data/processed/gdsc_gdsc2_1441_azd2014.npz,AZD2014,GDSC2::1441::AZD2014,GDSC2,1441,source_drug,715,1.4490074722921658,True
/Users/mycomputer/Documents/New project/real_app_gdsc/data/processed/gdsc_gdsc2_1812_bleomycin.npz,Bleomycin,GDSC2::1812::Bleomycin,GDSC2,1812,source_drug,715,1.4313921878968972,True
/Users/mycomputer/Documents/New project/real_app_gdsc/data/processed/gdsc_gdsc2_1777_gsk2276186c.npz,GSK2276186C,GDSC2::1777::GSK2276186C,GDSC2,1777,source_drug,715,1.3619616209735552,True
/Users/mycomputer/Documents/New project/real_app_gdsc/data/processed/gdsc_gdsc2_1829_667880.npz,667880,GDSC2::1829::667880,GDSC2,1829,source_drug,715,1.359185322238933,True
/Users/mycomputer/Documents/New project/real_app_gdsc/data/processed/gdsc_gdsc2_1826_50869.npz,50869,GDSC2::1826::50869,GDSC2,1826,source_drug,715,1.3394728982909285,True
/Users/mycomputer/Documents/New project/real_app_gdsc/data/processed/gdsc_gdsc2_1811_dactinomycin.npz,Dactinomycin,GDSC2::1811::Dactinomycin,GDSC2,1811,source_drug,715,1.3310313010901271,True
/Users/mycomputer/Documents/New project/real_app_gdsc/data/processed/gdsc_gdsc2_1718_jak1_8709.npz,JAK1_8709,GDSC2::1718::JAK1_8709,GDSC2,1718,source_drug,715,1.2550125319056862,True
/Users/mycomputer/Documents/New project/real_app_gdsc/data/processed/gdsc_gdsc2_1816_fulvestrant.npz,Fulvestrant,GDSC2::1816::Fulvestrant,GDSC2,1816,source_drug,715,1.127883824632012,True
/Users/mycomputer/Documents/New project/real_app_gdsc/data/processed/gdsc_gdsc2_1734_vsp34_8731.npz,VSP34_8731,GDSC2::1734::VSP34_8731,GDSC2,1734,source_drug,715,1.0969002771588565,True
/Users/mycomputer/Documents/New project/real_app_gdsc/data/processed/gdsc_gdsc2_1782_gsk2830371a.npz,GSK2830371A,GDSC2::1782::GSK2830371A,GDSC2,1782,source_drug,715,1.0894281540118254,True
/Users/mycomputer/Documents/New project/real_app_gdsc/data/processed/gdsc_gdsc2_1836_150412.npz,150412,GDSC2::1836::150412,GDSC2,1836,source_drug,715,1.0860226040159098,True
/Users/mycomputer/Documents/New project/real_app_gdsc/data/processed/gdsc_gdsc2_1821_765771.npz,765771,GDSC2::1821::765771,GDSC2,1821,source_drug,715,1.0829005948299126,True
/Users/mycomputer/Documents/New project/real_app_gdsc/data/processed/gdsc_gdsc2_1785_lmb_ab3.npz,LMB_AB3,GDSC2::1785::LMB_AB3,GDSC2,1785,source_drug,715,1.047025528502909,True
/Users/mycomputer/Documents/New project/real_app_gdsc/data/processed/gdsc_gdsc2_1780_gsk3337463a.npz,GSK3337463A,GDSC2::1780::GSK3337463A,GDSC2,1780,source_drug,715,1.0318032939900423,True
/Users/mycomputer/Documents/New project/real_app_gdsc/data/processed/gdsc_gdsc2_1817_romidepsin.npz,Romidepsin,GDSC2::1817::Romidepsin,GDSC2,1817,source_drug,715,1.003797404070243,True
/Users/mycomputer/Documents/New project/real_app_gdsc/data/processed/gdsc_gdsc2_1716_irak4_4710.npz,IRAK4_4710,GDSC2::1716::IRAK4_4710,GDSC2,1716,source_drug,715,0.9918580112883159,True
/Users/mycomputer/Documents/New project/real_app_gdsc/data/processed/gdsc_gdsc2_1838_sinularin.npz,Sinularin,GDSC2::1838::Sinularin,GDSC2,1838,source_drug,715,0.9824072787872181,True
/Users/mycomputer/Documents/New project/real_app_gdsc/data/processed/gdsc_gdsc2_1783_lmb_ab1.npz,LMB_AB1,GDSC2::1783::LMB_AB1,GDSC2,1783,source_drug,715,0.9823682918292219,True
/Users/mycomputer/Documents/New project/real_app_gdsc/data/processed/gdsc_gdsc2_1584_bdoca000347a.npz,BDOCA000347a,GDSC2::1584::BDOCA000347a,GDSC2,1584,source_drug,715,0.9711049635870824,True
/Users/mycomputer/Documents/New project/real_app_gdsc/data/processed/gdsc_gdsc2_1815_dacarbazine.npz,Dacarbazine,GDSC2::1815::Dacarbazine,GDSC2,1815,source_drug,715,0.9419894314003376,True
/Users/mycomputer/Documents/New project/real_app_gdsc/data/processed/gdsc_gdsc2_1802_zoledronate.npz,Zoledronate,GDSC2::1802::Zoledronate,GDSC2,1802,source_drug,715,0.9197302187368616,True
/Users/mycomputer/Documents/New project/real_app_gdsc/data/processed/gdsc_gdsc2_1776_gsk2256098c.npz,GSK2256098C,GDSC2::1776::GSK2256098C,GDSC2,1776,source_drug,715,0.9191358299991812,True
/Users/mycomputer/Documents/New project/real_app_gdsc/data/processed/gdsc_gdsc2_1830_gallibiscoquinazole.npz,Gallibiscoquinazole,GDSC2::1830::Gallibiscoquinazole,GDSC2,1830,source_drug,715,0.8994490016159497,True
/Users/mycomputer/Documents/New project/real_app_gdsc/data/processed/gdsc_gdsc2_1580_gsk2801.npz,GSK2801,GDSC2::1580::GSK2801,GDSC2,1580,source_drug,715,0.8885927511763841,True
/Users/mycomputer/Documents/New project/real_app_gdsc/data/processed/gdsc_gdsc2_1784_lmb_ab2.npz,LMB_AB2,GDSC2::1784::LMB_AB2,GDSC2,1784,source_drug,715,0.8706860338794993,True
/Users/mycomputer/Documents/New project/real_app_gdsc/data/processed/gdsc_gdsc2_1779_gsk626616ac.npz,GSK626616AC,GDSC2::1779::GSK626616AC,GDSC2,1779,source_drug,715,0.869915351534614,True
/Users/mycomputer/Documents/New project/real_app_gdsc/data/processed/gdsc_gdsc2_1586_bdilv000379a.npz,BDILV000379a,GDSC2::1586::BDILV000379a,GDSC2,1586,source_drug,715,0.8489990196360581,True
/Users/mycomputer/Documents/New project/real_app_gdsc/data/processed/gdsc_gdsc2_1828_720427.npz,720427,GDSC2::1828::720427,GDSC2,1828,source_drug,715,0.8371182867963136,True
/Users/mycomputer/Documents/New project/real_app_gdsc/data/processed/gdsc_gdsc2_1824_123138.npz,123138,GDSC2::1824::123138,GDSC2,1824,source_drug,715,0.8279761291897397,True
/Users/mycomputer/Documents/New project/real_app_gdsc/data/processed/gdsc_gdsc2_1839_615590.npz,615590,GDSC2::1839::615590,GDSC2,1839,source_drug,715,0.8113853727301688,True
/Users/mycomputer/Documents/New project/real_app_gdsc/data/processed/gdsc_gdsc2_1585_bdf00022089a.npz,BDF00022089a,GDSC2::1585::BDF00022089a,GDSC2,1585,source_drug,715,0.8008328840520507,True
/Users/mycomputer/Documents/New project/real_app_gdsc/data/processed/gdsc_gdsc2_1832_729189.npz,729189,GDSC2::1832::729189,GDSC2,1832,source_drug,715,0.7988989659093786,True
/Users/mycomputer/Documents/New project/real_app_gdsc/data/processed/gdsc_gdsc2_1831_l_oxonoreleagnine.npz,L-Oxonoreleagnine,GDSC2::1831::L-Oxonoreleagnine,GDSC2,1831,source_drug,715,0.7707798261478592,True
/Users/mycomputer/Documents/New project/real_app_gdsc/data/processed/gdsc_gdsc2_1845_schweinfurthin_a.npz,Schweinfurthin A,GDSC2::1845::Schweinfurthin A,GDSC2,1845,source_drug,714,2.3321051670719473,True
/Users/mycomputer/Documents/New project/real_app_gdsc/data/processed/gdsc_gdsc2_1738_igf1r_3801.npz,IGF1R_3801,GDSC2::1738::IGF1R_3801,GDSC2,1738,source_drug,714,1.9549973341879414,True
/Users/mycomputer/Documents/New project/real_app_gdsc/data/processed/gdsc_gdsc2_1709_cdk9_5038.npz,CDK9_5038,GDSC2::1709::CDK9_5038,GDSC2,1709,source_drug,714,1.9304368088540422,True
/Users/mycomputer/Documents/New project/real_app_gdsc/data/processed/gdsc_gdsc2_1732_taf1_5496.npz,TAF1_5496,GDSC2::1732::TAF1_5496,GDSC2,1732,source_drug,714,1.5506535247608741,True
/Users/mycomputer/Documents/New project/real_app_gdsc/data/processed/gdsc_gdsc2_1708_cdk9_5576.npz,CDK9_5576,GDSC2::1708::CDK9_5576,GDSC2,1708,source_drug,714,1.5017662146916713,True
/Users/mycomputer/Documents/New project/real_app_gdsc/data/processed/gdsc_gdsc2_1844_776928.npz,776928,GDSC2::1844::776928,GDSC2,1844,source_drug,714,1.4667147512783882,True
/Users/mycomputer/Documents/New project/real_app_gdsc/data/processed/gdsc_gdsc2_1581_bromosporine.npz,Bromosporine,GDSC2::1581::Bromosporine,GDSC2,1581,source_drug,714,1.253844034559678,True
/Users/mycomputer/Documents/New project/real_app_gdsc/data/processed/gdsc_gdsc2_1814_nelarabine.npz,Nelarabine,GDSC2::1814::Nelarabine,GDSC2,1814,source_drug,714,1.0798963727651925,True
/Users/mycomputer/Documents/New project/real_app_gdsc/data/processed/gdsc_gdsc2_1449_azd1208.npz,AZD1208,GDSC2::1449::AZD1208,GDSC2,1449,source_drug,714,1.014345833239523,True
/Users/mycomputer/Documents/New project/real_app_gdsc/data/processed/gdsc_gdsc2_1730_pak_5339.npz,PAK_5339,GDSC2::1730::PAK_5339,GDSC2,1730,source_drug,714,0.9814456318834781,True
/Users/mycomputer/Documents/New project/real_app_gdsc/data/processed/gdsc_gdsc2_1582_sgc_cbp30.npz,SGC-CBP30,GDSC2::1582::SGC-CBP30,GDSC2,1582,source_drug,714,0.8810350281385039,True
/Users/mycomputer/Documents/New project/real_app_gdsc/data/processed/gdsc_gdsc2_1583_gsk_lsd1.npz,GSK-LSD1,GDSC2::1583::GSK-LSD1,GDSC2,1583,source_drug,714,0.8786907046768982,True
/Users/mycomputer/Documents/New project/real_app_gdsc/data/processed/gdsc_gdsc2_1733_ulk1_4989.npz,ULK1_4989,GDSC2::1733::ULK1_4989,GDSC2,1733,source_drug,713,1.6109421315947692,True
/Users/mycomputer/Documents/New project/real_app_gdsc/data/processed/gdsc_gdsc2_1827_dihydrorotenone.npz,Dihydrorotenone,GDSC2::1827::Dihydrorotenone,GDSC2,1827,source_drug,713,1.5769611762144375,True
/Users/mycomputer/Documents/New project/real_app_gdsc/data/processed/gdsc_gdsc2_1428_iap_5620.npz,IAP_5620,GDSC2::1428::IAP_5620,GDSC2,1428,source_drug,712,1.5992981958890424,True
/Users/mycomputer/Documents/New project/real_app_gdsc/data/processed/gdsc_gdsc2_1720_azd5991.npz,AZD5991,GDSC2::1720::AZD5991,GDSC2,1720,source_drug,711,2.801124234256718,True
/Users/mycomputer/Documents/New project/real_app_gdsc/data/processed/gdsc_gdsc2_1712_eg5_9814.npz,Eg5_9814,GDSC2::1712::Eg5_9814,GDSC2,1712,source_drug,711,1.773951210501997,True
/Users/mycomputer/Documents/New project/real_app_gdsc/data/processed/gdsc_gdsc1_1370_bay_mps_combo_2_paclitaxel_1_um.npz,BAY-MPS-combo 2 (paclitaxel 1 uM),GDSC1::1370::BAY-MPS-combo 2 (paclitaxel 1 uM),GDSC1,1370,source_drug,709,1.4724156761786311,True
/Users/mycomputer/Documents/New project/real_app_gdsc/data/processed/gdsc_gdsc1_1369_bay_mps_combo_1_paclitaxel_5_um.npz,BAY-MPS-combo-1 (paclitaxel 5 uM),GDSC1::1369::BAY-MPS-combo-1 (paclitaxel 5 uM),GDSC1,1369,source_drug,705,1.4857571897240394,True
/Users/mycomputer/Documents/New project/real_app_gdsc/data/processed/gdsc_gdsc1_1529_pevonedistat.npz,Pevonedistat,GDSC1::1529::Pevonedistat,GDSC1,1529,source_drug,680,1.510632811631306,True
/Users/mycomputer/Documents/New project/real_app_gdsc/data/processed/gdsc_gdsc2_1819_docetaxel.npz,Docetaxel,GDSC2::1819::Docetaxel,GDSC2,1819,source_drug,668,3.035616657282135,True
/Users/mycomputer/Documents/New project/real_app_gdsc/data/processed/gdsc_gdsc2_1248_daporinad.npz,Daporinad,GDSC2::1248::Daporinad,GDSC2,1248,source_drug,568,2.715627281116191,True
/Users/mycomputer/Documents/New project/real_app_gdsc/data/processed/gdsc_gdsc1_1166_ql_viii_58.npz,QL-VIII-58,GDSC1::1166::QL-VIII-58,GDSC1,1166,source_drug,482,1.3984585761552633,True
/Users/mycomputer/Documents/New project/real_app_gdsc/data/processed/gdsc_gdsc1_1164_xmd8_92.npz,XMD8-92,GDSC1::1164::XMD8-92,GDSC1,1164,source_drug,481,1.013723373396258,True
/Users/mycomputer/Documents/New project/real_app_gdsc/data/processed/gdsc_gdsc1_1161_zg_10.npz,ZG-10,GDSC1::1161::ZG-10,GDSC1,1161,source_drug,480,1.1799569117697006,True
/Users/mycomputer/Documents/New project/real_app_gdsc/data/processed/gdsc_gdsc1_1142_hg_5_113_01.npz,HG-5-113-01,GDSC1::1142::HG-5-113-01,GDSC1,1142,source_drug,480,0.9757401693897686,True
/Users/mycomputer/Documents/New project/real_app_gdsc/data/processed/gdsc_gdsc1_1158_xmd11_85h.npz,XMD11-85h,GDSC1::1158::XMD11-85h,GDSC1,1158,source_drug,480,0.9129066474166428,True
/Users/mycomputer/Documents/New project/real_app_gdsc/data/processed/gdsc_gdsc1_1143_hg_5_88_01.npz,HG-5-88-01,GDSC1::1143::HG-5-88-01,GDSC1,1143,source_drug,479,1.2528263797506323,True
/Users/mycomputer/Documents/New project/real_app_gdsc/data/processed/gdsc_gdsc1_1203_ql_xii_61.npz,QL-XII-61,GDSC1::1203::QL-XII-61,GDSC1,1203,source_drug,458,1.225275658558368,True
/Users/mycomputer/Documents/New project/real_app_gdsc/data/processed/gdsc_gdsc1_37_crizotinib.npz,Crizotinib,GDSC1::37::Crizotinib,GDSC1,37,source_drug,393,1.1215173995439773,True
/Users/mycomputer/Documents/New project/real_app_gdsc/data/processed/gdsc_gdsc1_6_pha_665752.npz,PHA-665752,GDSC1::6::PHA-665752,GDSC1,6,source_drug,393,0.8998527136644526,True
/Users/mycomputer/Documents/New project/real_app_gdsc/data/processed/gdsc_gdsc1_38_saracatinib.npz,Saracatinib,GDSC1::38::Saracatinib,GDSC1,38,source_drug,392,1.1965663887267373,True
/Users/mycomputer/Documents/New project/real_app_gdsc/data/processed/gdsc_gdsc1_34_imatinib.npz,Imatinib,GDSC1::34::Imatinib,GDSC1,34,source_drug,392,1.017452425357666,True
/Users/mycomputer/Documents/New project/real_app_gdsc/data/processed/gdsc_gdsc1_35_nvp_tae684.npz,NVP-TAE684,GDSC1::35::NVP-TAE684,GDSC1,35,source_drug,391,1.5178324836639614,True
/Users/mycomputer/Documents/New project/real_app_gdsc/data/processed/gdsc_gdsc1_29_az628.npz,AZ628,GDSC1::29::AZ628,GDSC1,29,source_drug,390,1.7823759337450207,True
/Users/mycomputer/Documents/New project/real_app_gdsc/data/processed/gdsc_gdsc1_89_parthenolide.npz,Parthenolide,GDSC1::89::Parthenolide,GDSC1,89,source_drug,389,1.1774585754073166,True
/Users/mycomputer/Documents/New project/real_app_gdsc/data/processed/gdsc_gdsc1_91_gsk319347a.npz,GSK319347A,GDSC1::91::GSK319347A,GDSC1,91,source_drug,389,0.5989777540434679,True
/Users/mycomputer/Documents/New project/real_app_gdsc/data/processed/gdsc_gdsc1_9_mg_132.npz,MG-132,GDSC1::9::MG-132,GDSC1,9,source_drug,387,1.4676577324614946,True
/Users/mycomputer/Documents/New project/real_app_gdsc/data/processed/gdsc_gdsc1_71_pyrimethamine.npz,Pyrimethamine,GDSC1::71::Pyrimethamine,GDSC1,71,source_drug,387,1.4538717119331348,True
/Users/mycomputer/Documents/New project/real_app_gdsc/data/processed/gdsc_gdsc1_127_gsk269962a.npz,GSK269962A,GDSC1::127::GSK269962A,GDSC1,127,source_drug,387,1.3929436480740247,True
/Users/mycomputer/Documents/New project/real_app_gdsc/data/processed/gdsc_gdsc1_94_tgx221.npz,TGX221,GDSC1::94::TGX221,GDSC1,94,source_drug,387,1.1372989721905926,True
/Users/mycomputer/Documents/New project/real_app_gdsc/data/processed/gdsc_gdsc1_63_bms_509744.npz,BMS-509744,GDSC1::63::BMS-509744,GDSC1,63,source_drug,386,1.0839975692942436,True
/Users/mycomputer/Documents/New project/real_app_gdsc/data/processed/gdsc_gdsc1_55_a_770041.npz,A-770041,GDSC1::55::A-770041,GDSC1,55,source_drug,385,1.778872959175534,True
/Users/mycomputer/Documents/New project/real_app_gdsc/data/processed/gdsc_gdsc1_62_bms_536924.npz,BMS-536924,GDSC1::62::BMS-536924,GDSC1,62,source_drug,385,1.6540726057598265,True
/Users/mycomputer/Documents/New project/real_app_gdsc/data/processed/gdsc_gdsc1_86_a_443654.npz,A-443654,GDSC1::86::A-443654,GDSC1,86,source_drug,385,1.4053290223633779,True
/Users/mycomputer/Documents/New project/real_app_gdsc/data/processed/gdsc_gdsc1_53_cgp_60474.npz,CGP-60474,GDSC1::53::CGP-60474,GDSC1,53,source_drug,385,1.264235265100307,True
/Users/mycomputer/Documents/New project/real_app_gdsc/data/processed/gdsc_gdsc1_45_z_llnle_cho.npz,Z-LLNle-CHO,GDSC1::45::Z-LLNle-CHO,GDSC1,45,source_drug,385,1.2572487312848353,True
/Users/mycomputer/Documents/New project/real_app_gdsc/data/processed/gdsc_gdsc1_30_sorafenib.npz,Sorafenib,GDSC1::30::Sorafenib,GDSC1,30,source_drug,385,1.2138684509815707,True
/Users/mycomputer/Documents/New project/real_app_gdsc/data/processed/gdsc_gdsc1_64_cmk.npz,CMK,GDSC1::64::CMK,GDSC1,64,source_drug,385,1.2127163770609974,True
/Users/mycomputer/Documents/New project/real_app_gdsc/data/processed/gdsc_gdsc1_54_cgp_082996.npz,CGP-082996,GDSC1::54::CGP-082996,GDSC1,54,source_drug,385,1.0905347415879683,True
/Users/mycomputer/Documents/New project/real_app_gdsc/data/processed/gdsc_gdsc1_111_salubrinal.npz,Salubrinal,GDSC1::111::Salubrinal,GDSC1,111,source_drug,385,1.0791231864225217,True
/Users/mycomputer/Documents/New project/real_app_gdsc/data/processed/gdsc_gdsc1_59_wz_1_84.npz,WZ-1-84,GDSC1::59::WZ-1-84,GDSC1,59,source_drug,385,1.0437083272288503,True
/Users/mycomputer/Documents/New project/real_app_gdsc/data/processed/gdsc_gdsc1_5_sunitinib.npz,Sunitinib,GDSC1::5::Sunitinib,GDSC1,5,source_drug,384,1.6691654766687871,True
/Users/mycomputer/Documents/New project/real_app_gdsc/data/processed/gdsc_gdsc1_41_s_trityl_l_cysteine.npz,S-Trityl-L-cysteine,GDSC1::41::S-Trityl-L-cysteine,GDSC1,41,source_drug,384,1.5071972300089223,True
/Users/mycomputer/Documents/New project/real_app_gdsc/data/processed/gdsc_gdsc1_106_xmd8_85.npz,XMD8-85,GDSC1::106::XMD8-85,GDSC1,106,source_drug,384,1.1683335580374385,True
/Users/mycomputer/Documents/New project/real_app_gdsc/data/processed/gdsc_gdsc1_119_lapatinib.npz,Lapatinib,GDSC1::119::Lapatinib,GDSC1,119,source_drug,384,1.1116289076834054,True
/Users/mycomputer/Documents/New project/real_app_gdsc/data/processed/gdsc_gdsc1_17_cyclopamine.npz,Cyclopamine,GDSC1::17::Cyclopamine,GDSC1,17,source_drug,384,0.9863016026739507,True
/Users/mycomputer/Documents/New project/real_app_gdsc/data/processed/gdsc_gdsc1_11_paclitaxel.npz,Paclitaxel,GDSC1::11::Paclitaxel,GDSC1,11,source_drug,383,1.9262678190143085,True
/Users/mycomputer/Documents/New project/real_app_gdsc/data/processed/gdsc_gdsc1_60_bi_2536.npz,BI-2536,GDSC1::60::BI-2536,GDSC1,60,source_drug,383,1.6157742921616134,True
/Users/mycomputer/Documents/New project/real_app_gdsc/data/processed/gdsc_gdsc1_88_entinostat.npz,Entinostat,GDSC1::88::Entinostat,GDSC1,88,source_drug,383,1.4166906355815583,True
/Users/mycomputer/Documents/New project/real_app_gdsc/data/processed/gdsc_gdsc1_110_seliciclib.npz,Seliciclib,GDSC1::110::Seliciclib,GDSC1,110,source_drug,383,0.9376630657522949,True
/Users/mycomputer/Documents/New project/real_app_gdsc/data/processed/gdsc_gdsc1_52_gnf_2.npz,GNF-2,GDSC1::52::GNF-2,GDSC1,52,source_drug,383,0.8433528498142419,True
/Users/mycomputer/Documents/New project/real_app_gdsc/data/processed/gdsc_gdsc1_56_wh_4_023.npz,WH-4-023,GDSC1::56::WH-4-023,GDSC1,56,source_drug,382,2.095933277181677,True
/Users/mycomputer/Documents/New project/real_app_gdsc/data/processed/gdsc_gdsc1_87_gw843682x.npz,GW843682X,GDSC1::87::GW843682X,GDSC1,87,source_drug,382,1.8107461905440854,True
/Users/mycomputer/Documents/New project/real_app_gdsc/data/processed/gdsc_gdsc1_104_bortezomib.npz,Bortezomib,GDSC1::104::Bortezomib,GDSC1,104,source_drug,382,1.560182738333243,True
/Users/mycomputer/Documents/New project/real_app_gdsc/data/processed/gdsc_gdsc1_1_erlotinib.npz,Erlotinib,GDSC1::1::Erlotinib,GDSC1,1,source_drug,382,1.120422136949813,True
/Users/mycomputer/Documents/New project/real_app_gdsc/data/processed/gdsc_gdsc1_51_dasatinib.npz,Dasatinib,GDSC1::51::Dasatinib,GDSC1,51,source_drug,380,2.416050116501965,True
/Users/mycomputer/Documents/New project/real_app_gdsc/data/processed/gdsc_gdsc1_32_tozasertib.npz,Tozasertib,GDSC1::32::Tozasertib,GDSC1,32,source_drug,380,1.9645281409366684,True
/Users/mycomputer/Documents/New project/real_app_gdsc/data/processed/gdsc_gdsc2_1149_tw_37.npz,TW 37,GDSC2::1149::TW 37,GDSC2,1149,source_drug,374,1.3989628367417557,True
/Users/mycomputer/Documents/New project/real_app_gdsc/data/processed/gdsc_gdsc1_83_jw_7_52_1.npz,JW-7-52-1,GDSC1::83::JW-7-52-1,GDSC1,83,source_drug,371,1.8487170129775061,True
/Users/mycomputer/Documents/New project/real_app_gdsc/data/processed/gdsc_gdsc2_2057_remodelin.npz,Remodelin,GDSC2::2057::Remodelin,GDSC2,2057,source_drug,368,1.1579524810258646,True
/Users/mycomputer/Documents/New project/real_app_gdsc/data/processed/gdsc_gdsc1_3_rapamycin.npz,Rapamycin,GDSC1::3::Rapamycin,GDSC1,3,source_drug,346,2.0020534840392297,True
/Users/mycomputer/Documents/New project/real_app_gdsc/data/processed/gdsc_gdsc2_1096_tozasertib.npz,Tozasertib,GDSC2::1096::Tozasertib,GDSC2,1096,source_drug,241,2.309107327001642,True
/Users/mycomputer/Documents/New project/real_app_gdsc/data/processed/gdsc_gdsc2_1192_gsk269962a.npz,GSK269962A,GDSC2::1192::GSK269962A,GDSC2,1192,source_drug,241,1.433773440724112,True
/Users/mycomputer/Documents/New project/real_app_gdsc/data/processed/gdsc_gdsc2_1129_pf_4708671.npz,PF-4708671,GDSC2::1129::PF-4708671,GDSC2,1129,source_drug,241,0.943747212095513,True
/Users/mycomputer/Documents/New project/real_app_gdsc/data/processed/gdsc_gdsc2_2169_azd6482.npz,AZD6482,GDSC2::2169::AZD6482,GDSC2,2169,source_drug,240,1.3915766589231595,True
/Users/mycomputer/Documents/New project/real_app_gdsc/data/processed/gdsc_gdsc2_1194_sb505124.npz,SB505124,GDSC2::1194::SB505124,GDSC2,1194,source_drug,238,1.5346732368630418,True
/Users/mycomputer/Documents/New project/real_app_gdsc/data/processed/gdsc_gdsc2_1031_elesclomol.npz,Elesclomol,GDSC2::1031::Elesclomol,GDSC2,1031,source_drug,199,2.0034437203719824,True
/Users/mycomputer/Documents/New project/real_app_gdsc/data/processed/gdsc_gdsc2_2175_chir_99021.npz,CHIR-99021,GDSC2::2175::CHIR-99021,GDSC2,2175,source_drug,199,1.4903987552509508,True
/Users/mycomputer/Documents/New project/real_app_gdsc/data/processed/gdsc_gdsc2_1170_cct_018159.npz,CCT-018159,GDSC2::1170::CCT-018159,GDSC2,1170,source_drug,199,1.3779953373715346,True
/Users/mycomputer/Documents/New project/real_app_gdsc/data/processed/gdsc_gdsc2_1037_bx795.npz,BX795,GDSC2::1037::BX795,GDSC2,1037,source_drug,199,1.266025398326697,True
/Users/mycomputer/Documents/New project/real_app_gdsc/data/processed/gdsc_gdsc2_1243_piperlongumine.npz,Piperlongumine,GDSC2::1243::Piperlongumine,GDSC2,1243,source_drug,199,1.2388892257438258,True
/Users/mycomputer/Documents/New project/real_app_gdsc/data/processed/gdsc_gdsc2_1009_tretinoin.npz,Tretinoin,GDSC2::1009::Tretinoin,GDSC2,1009,source_drug,199,1.018599705398008,True
/Users/mycomputer/Documents/New project/real_app_gdsc/data/processed/gdsc_gdsc2_1502_bicalutamide.npz,Bicalutamide,GDSC2::1502::Bicalutamide,GDSC2,1502,source_drug,199,0.8953252760028053,True
/Users/mycomputer/Documents/New project/real_app_gdsc/data/processed/gdsc_gdsc2_2174_iox2.npz,IOX2,GDSC2::2174::IOX2,GDSC2,2174,source_drug,199,0.8519204867257602,True
/Users/mycomputer/Documents/New project/real_app_gdsc/data/processed/gdsc_gdsc2_1039_sl0101.npz,SL0101,GDSC2::1039::SL0101,GDSC2,1039,source_drug,199,0.8249350619250378,True
/Users/mycomputer/Documents/New project/real_app_gdsc/data/processed/gdsc_gdsc1_1202_torin2.npz,torin2,GDSC1::1202::torin2,GDSC1,1202,source_drug,127,1.479603288277317,True
/Users/mycomputer/Documents/New project/real_app_gdsc/data/processed/gdsc_gdsc1_1204_hg_6_71_01.npz,HG-6-71-01,GDSC1::1204::HG-6-71-01,GDSC1,1204,source_drug,127,1.4744051560746152,True
